,Adults SCL,Adults SCL,Adults SCL,Adults SCL,Adults OK,Adults OK,Adults OK,Adults OK,Adults NW,Adults NW,Adults NW,Adults NW,Children SCL,Children SCL,Children SCL,Children SCL,Children OK,Children OK,Children OK,Children OK,Children NW,Children NW,Children NW,Children NW
Protein Grouping Ambiguity,L06,L28,L11,L35,L26,L15,L20,L21,L36,L07,L24,L31,L48,L42,L25,L47,L22,L44,L16,L17,L12,L18,L23,L32
TRUE,54.7,18.468,124.03,81.442,55.037,7.2314,112.31,66.145,32.381,32.021,19.942,116.89,119.45,104.22,23.205,34.419,68.171,16.118,9.8611,20.253,9.7606,72.258,40.334,14.902
TRUE,60.902,22.473,144.84,95.518,63.142,7.196,121.3,70.109,36.725,38.969,23.523,139.16,143.19,123.71,26.804,40.935,74.251,18.401,12.199,23.573,10.917,86.487,45.475,17.28
TRUE,59.662,20.116,130.8,88.265,57.586,7.5423,119.42,70.885,33.969,34.995,20.988,120.04,124.81,107.51,26.018,36.526,72.844,17.479,12.11,22.52,10.828,73.603,42.363,16.623
TRUE,41.578,14.42,93.639,64.717,40.722,5.3117,67.307,45.195,23.689,24.783,15.234,91.845,97.123,85.24,20.226,27.696,44.473,13.54,9.0839,15.585,7.2015,51.95,31.746,12.385
,112,243,111,83,274,23,50,61,100,309,128,157,115,85,79,428,160,142,146,177,128,230,115,152
TRUE,117.22,167.35,77.076,49.82,264.01,74.137,85.44,111.46,63.931,287.44,83.737,77.096,45.164,60.931,163.23,136.83,146.3,157.32,149.34,102.98,229.5,142.13,40.612,122.76
TRUE,0,0,0,0,0,0,45.79,0,0,0,0,0,0,0,0,0,0,0,0,0,0,0,0,0
TRUE,125.81,195.69,103.66,53.129,286.17,52.496,71.689,125.41,106.44,139.97,114.62,96.056,47.936,55.927,135.59,148.96,130.2,144.18,159.14,136.79,138.97,82.679,119.04,161.95
TRUE,27.216,0,30.85,29.385,0,0,27.412,17.351,0,0,0,0,0,0,21.545,0,23.948,23.299,0,0,16.589,0,0,0
TRUE,0,0,0,0,0,20.504,0,0,0,0,0,0,0,0,0,0,0,0,0,0,0,0,0,0
TRUE,65.623,85,55,17,89.623,30.491,133.47,112.57,30,186.62,134,36,3,36,100,126,179.62,170,177,168.62,136.62,88,43,181
TRUE,44.206,23.996,48.035,44.708,71.625,24.91,45.862,30.085,27.807,47.483,47.365,61.433,62.996,29.296,34.65,34.706,38.674,37.182,19.411,35.2,25.327,36.729,65.796,44.114
TRUE,20.132,13.356,26.401,0,44.199,14.284,23.427,0,0,26.703,25.95,35.644,34.368,0,0,0,19.495,18.716,0,18.286,12.834,21.286,31.741,23.414
TRUE,43.865,21.933,43.771,35.788,78.029,28.463,37.164,25.822,24.01,43.489,45.302,58.533,55.268,25.01,37.6,35.335,46.224,39.788,25.745,39.429,32.446,37.147,63.627,45.396
TRUE,0,26.067,52.229,46.212,86.971,33.537,42.836,34.178,31.99,53.511,55.698,70.467,67.732,28.99,46.4,43.665,51.776,46.212,26.255,41.571,35.554,45.853,68.373,54.605
TRUE,0,0,0,0,0,0,0,0,0,26.536,0,0,0,0,0,0,0,0,0,0,0,0,0,0
TRUE,9.9066,0,13.615,8.8961,0,0,8.0654,0,0,0,0,0,0,0,0,0,7.1283,8.9495,4.6866,0,0,0,11.291,8.1784
TRUE,32.028,18.148,45.571,31.305,116.16,9.8322,16.683,13.668,23.9,86.901,53.26,59.298,0,21.864,0,0,47.554,29.884,25.646,35.882,30.483,46.264,22.569,37.014
TRUE,0,0,0,0,0,6.4383,0,0,0,0,0,0,0,0,0,0,0,0,0,0,0,0,0,0
TRUE,15.924,40.848,23.035,11.33,48.54,0,26.027,17.846,15.937,4.1036,9.4204,10.885,0,15.871,24.35,25.537,23.859,5.5621,29.64,23.195,31.163,14.233,24.827,24.177
TRUE,18.437,41.443,23.033,12.406,52.056,0,29.5,19.542,17.451,4.4935,12.315,10.824,0,17.379,27.663,28.963,26.126,6.0905,32.456,24.304,31.933,15.586,27.186,25.378
,33,52,68,60,175,3,32,47,20,142,49,63,46,25,37,58,57,61,47,31,45,81,29,96
,56,36,66,50,131,13,50,49,30,78,43,50,21,23,34,29,75,51,44,54,47,45,20,65
TRUE,24.105,15.11,61.733,50.562,12.347,0,49.035,30.572,49.974,8.819,29.397,50.562,58.205,48.798,5.8793,25.869,44.683,9.9948,10.583,18.814,6.4672,35.864,35.1,12.934
TRUE,16.895,9.8896,43.267,35.438,8.6534,0,35.965,22.428,35.026,6.181,20.603,35.438,40.795,34.202,4.1207,18.131,31.317,7.0052,7.4172,13.186,4.5328,25.136,23.9,9.0655
TRUE,45.689,22.182,29.427,19.5,97.543,19.904,20.137,19.862,25.111,60.877,32.999,37.856,28.306,18.183,33.535,25.018,94.257,53.772,35.945,39.112,64.07,78.66,30.5,39.751
TRUE,38.166,7.7545,39.722,20.603,36.392,12.078,20.032,10.142,13.36,26.876,18.311,33.788,36.488,11.783,14.631,19.917,19.931,17.872,10.351,18.732,5.9728,19.12,18.793,28.378
TRUE,11.605,3.6365,24.432,8.2337,40.101,6.7338,7.0931,0,5.4456,19.375,7.3515,29.157,12.73,5.1872,5.9351,0,0,0,0,0,0,10.087,8.8857,9.4136
TRUE,0,0,0,6.7575,11.114,9.9364,14.784,8.6586,0,0,5.3255,0,8.3367,6.2202,4.8996,0,5.4721,4.0112,0,3.5335,0,0,0,0
TRUE,23.309,27.427,28.858,22.856,58.623,8.1645,19.469,26.553,37.372,28.127,14.97,24.834,19.366,14.795,23.659,27.252,20.9,20.447,11.933,16.504,17.935,14.342,33.604,25.193
TRUE,0,0,0,0,0,0,0,0,0,0,0,5.194,0,0,0,0,0,0,0,0,0,0,0,0
TRUE,17.869,6.3903,34.39,32.966,20.137,0,57.43,29.86,15.097,7.2932,9.1733,34.912,37.578,28.15,7.7558,10.654,33.149,4.7439,0,10.074,0,29.071,16.087,4.3265
TRUE,7.5559,10.184,11.864,7.1203,19.918,3.4173,7.9237,10.688,11.627,0,5.5277,7.4881,6.4668,0,0,9.8163,8.7272,6.5347,0,0,0,0,0,0
,42,51,32,23,68,19,30,40,25,30,27,17,17,16,36,31,48,41,42,45,53,43,25,36
TRUE,23.07,24.586,38.703,29.17,64.65,3.8534,29.846,19.402,24.577,26.771,16.557,25.12,31.214,36.421,15.629,25.192,22.408,19.483,15.895,19.341,14.773,33.871,15.476,17.726
TRUE,5.6263,0,4.8663,6.5599,7.6667,2.2381,7.8082,0,4.5365,3.8494,4.7025,10.108,9.6648,5.7553,5.4058,3.3365,4.6052,3.3425,1.7331,2.8081,0,4.4819,6.9601,5.1765
TRUE,12.639,27.709,20.931,8.2642,39.404,0,19.473,14.612,13.612,4.4029,9.2642,7.292,0,8.7504,18.987,18.501,18.015,5.3474,20.904,17.501,20.904,12.181,17.987,19.445
TRUE,7.6144,0,0,0,0,17.111,0,8.0131,0,10.02,0,0,5.8105,0,0,0,0,0,0,0,0,16.431,0,0
TRUE,2.3772,102,3,15,132.38,3.5086,0,75.429,36,2.3772,1,56,35,3,109,134,1.3772,3,2,3.3772,0,0,0,0
TRUE,29.592,13.364,56.317,51.213,58.525,5.6838,50.844,35.378,43.239,18.242,15.347,57.058,41.16,51.748,17.415,28.89,20.19,18.226,15.407,16.346,9.5354,13.417,28.831,11.518
TRUE,4.3585,0,0,0,0,0,0,0,0,0,0,0,0,0,0,0,0,0,0,0,0,0,0,0
TRUE,12.586,5.0505,23.787,19.043,14.166,0,35.378,20.616,11.795,4.9534,6.5417,22.697,26.071,24.236,4.4543,7.333,24.274,3.7631,0,6.4427,0,27.808,10.805,2.6757
TRUE,0,0,0,0,0,0,0,0,0,0,0,4.5658,0,0,0,0,0,0,0,0,0,0,0,0
,48,28,26,26,47,18,39,48,21,19,19,23,12,13,21,24,40,23,26,31,25,18,22,23
TRUE,34.822,21.076,49.651,40.404,44.902,1.8327,48.734,40.404,37.655,12.829,20.244,37.655,28.491,44.069,11.996,17.411,21.16,16.495,10.996,14.662,7.3309,11.08,28.407,10.08
TRUE,0,0,0,0,0,0,0,0,0,0,0,0,0,0,0,0,0,0,0,0,0,0,3.1034,0
TRUE,9.2861,5.6249,15.382,20.006,14.707,6.6043,16.901,9.7105,11.475,5.9369,7.3159,12.481,10.139,17.39,5.6175,5.6226,9.0998,4.7137,4.5874,5.6198,3.9971,8.4438,9.5539,4.5577
TRUE,10.58,6.3183,16.639,19.074,17.673,6.4697,16.205,9.9378,11.996,6.7732,8.2951,12.216,9.5207,15.966,7.3102,6.4263,10.264,5.3127,5.1733,6.4232,4.5218,8.6505,9.8756,5.2511
TRUE,28.586,64.015,23.646,15.744,45.271,0,18.705,17.724,21.665,14.764,13.744,16.705,2.9409,11.783,20.646,17.705,23.705,26.646,24.646,32.527,17.744,11.783,26.567,32.488
TRUE,14.819,4.5919,25.67,17.609,14.745,0,21.175,13.669,9.0559,6.6591,3.7199,21.698,25.756,24.905,4.6706,7.8476,13.718,4.9212,0,4.9212,0,13.517,11.035,0
TRUE,0,0,0,0,6.3589,0,0,0,0,0,3.8154,5.4768,5.4229,0,0,0,0,0,0,0,0,0,0,0
TRUE,0,0,0,0,3.4428,0,0,0,0,0,0,4.5418,0,0,0,0,0,0,0,0,0,0,0,0
TRUE,10.796,0,18.251,14.831,9.8919,0,15.307,8.9854,6.7847,0,0,16.589,20.165,17.606,3.9335,5.767,14.553,0,0,0,0,11.542,7.609,0
TRUE,0,0,0,0,0,4.0878,0,0,0,0,0,9.5281,9.2636,0,0,0,0,0,0,0,0,0,0,0
TRUE,4.2063,4.4183,8.4509,5.4783,10.571,0,6.7502,4.2191,4.643,5.279,3.1464,5.6313,5.491,7.0004,3.1464,4.8423,4.8423,3.9943,0,3.1464,3.1464,7.34,3.3711,2.9471
TRUE,16.02,9.6118,22.366,15.097,25.496,0,20.084,12.945,24.424,6.8772,8.5439,20.091,17.884,28.162,8.8093,13.813,8.0713,7.1426,5.4726,6.8738,7.1426,9.7413,10.214,4.0747
TRUE,5.8541,4.719,9.4922,6.2208,12.369,0,7.9904,4.6679,7.7783,8.5925,5.6689,7.4604,5.0887,9.884,4.1953,4.5094,5.7482,4.0085,2.9793,6.4595,2.849,6.4587,8.1199,3.9292
TRUE,0,0,0,0,0,0,0,0,0,0,0,5.1364,0,0,0,0,0,0,0,3.8765,0,0,0,0
TRUE,5.3242,3.3758,14.043,9.4856,7.32,0,9.4694,5.3242,5.1452,3.5535,0,12.663,14.043,11.453,0,4.3582,8.7001,0,0,2.7693,0,7.9131,5.3419,1.5902
TRUE,0,0,0,0,0,0,7.1011,0,0,0,0,0,0,0,0,0,0,0,0,0,0,0,0,0
TRUE,9.9573,1.8051,28.735,25.036,1.7463,0,34.101,19.729,0,3.6102,0,22.446,53.348,57.773,8.0642,8.9079,45.933,2.6489,0,9.0161,0,55.85,8.9668,0
TRUE,0,0,0,0,0,0,0,0,0,0,0,0,0,14.081,0,0,0,0,0,0,0,5.8707,0,2.5373
TRUE,19,14,31,22,24,1,36,24,22,11,14,22,17,51,15,14,20,12,11,13,11,20,17,14
TRUE,18.623,11.967,30.476,21.164,36.131,0,24.705,14.738,34.59,5.4263,13.853,35.017,17.394,29.705,3.6558,22.279,9.0821,14.738,10.967,8.1968,4.541,13.853,24.935,7.3115
,22,19,23,13,39,2,19,34,12,25,16,18,5,11,27,14,16,21,14,14,14,14,5,28
TRUE,20.469,8.0004,24.972,29.55,29.567,2.7506,30.826,24.384,22.784,7.1409,10.373,24.786,17.991,28.695,7.8146,15.286,13.191,9.6206,4.6357,7.2003,5.9831,12.324,18.731,7.8721
TRUE,1.0404,1.0214,5.0808,5.0879,1.0333,0,0,0,1.0428,0,0,3.0475,2.0499,3.0832,1.0166,1.038,1.0238,1.0238,1.0143,1.0285,0,1.0285,1.0451,1.0166
TRUE,3.1435,0,0,0,0,0,4.0188,0,2.6125,0,0,0,4.3266,3.6361,0,0,0,0,0,0,0,0,3.313,0
TRUE,0,0,0,2.7023,0,0,0,0,0,0,2.0206,3.4294,3.0447,0,0,0,0,0,0,0,0,1.6804,0,0
TRUE,0,0,0,2.5187,0,0,0,0,0,0,0,0,2.9844,0,0,0,0,0,0,0,0,0,0,0
TRUE,0,0,2.6323,0,0,0,0,0,0,0,0,0,0,0,0,0,0,0,0,0,0,0,0,0
TRUE,0,0,0,2.36,0,0,2.588,0,0,0,0,0,0,0,0,0,0,0,0,0,0,0,0,0
TRUE,16.96,8.9786,33.919,36.912,29.929,0.99762,33.922,20.95,17.957,6.9834,13.969,19.952,20.95,34.917,6.9834,17.962,9.9762,9.9762,5.9857,11.971,1.9952,11.971,18.955,6.9834
,0,76,0,0,2,18,4,0,8,54,6,3,0,41,6,3,1,2,71,57,11,7,53,2
TRUE,0,0,0,0,0,0,0,0,0,0,0,0,2.7496,0,0,0,0,0,0,0,0,0,2.3798,0
TRUE,14.654,3.9423,33.251,30.135,15.885,0,41.308,19.654,12.769,10.712,3.9423,27.423,31.193,34.078,3.9423,13.654,23.539,3.9423,2,3.9423,1,27.481,13.769,2
,18,10,15,21,25,28,21,13,10,16,12,25,22,5,8,9,11,9,6,11,9,9,19,11
TRUE,12.605,8.6952,18.006,7.7955,23.734,0.89972,18.906,17.088,16.5,7.7955,10.504,12.892,12.892,13.48,11.724,6.3165,12.404,9.6041,6.8957,10.504,5.4168,10.495,11.404,8.7044
TRUE,11.18,6.4183,6.8366,13.837,11.598,8.478,12.315,13.314,10.389,12.627,12.017,12.062,16.899,13.301,7.8825,8.5982,12.21,5.6275,4.4183,6.9708,5.4183,9.1799,14.255,3.4183
TRUE,11.496,6.2182,7.7685,7.4639,24.16,3.4364,7.4364,4.4364,5.2182,15.927,8.7823,6.2182,9.1594,7.5365,7.5503,9.6091,21.873,7.8273,6.8411,6.6821,9.4364,16.391,7.8411,5.5365
TRUE,14.591,8.8842,24.225,21.003,18.591,0,24.825,16.31,24.183,5.153,7.0634,18.865,14.337,20.804,5.2165,6.8376,12.011,8.9368,5.3061,6.3882,5.258,5.2165,16.948,8.8842
TRUE,0,3.3324,3.3324,2.7493,10.386,0,0,0,0,0,0,4.3324,0,0,0,0,7.6649,5.4987,0,3.9155,6.693,7.3043,0,3.7212
TRUE,10.589,4.4256,14.539,13.539,15.49,4.4256,17.227,11.326,17.752,4.4256,9.1137,13.802,11.326,18.49,9.1137,10.114,13.589,9.1137,8.1137,11.064,4.4256,8.8513,12.064,7.3761
,14,17,13,10,26,1,10,14,12,16,12,12,7,14,15,16,24,9,12,16,11,12,14,16
TRUE,4.4111,0,5.4607,6.4607,7.5103,0,7.7727,4.6735,8.2479,2.5744,3.8863,5.1983,0,7.5103,3.8863,3.8863,4.4111,3.8863,3.8863,4.9359,2.5744,4.1487,4.9359,3.6239
TRUE,0,0,0,0,0,0,0,0,0,0,0,0,2.9552,2.6465,0,0,0,0,0,0,0,0,0,0
,13,13,17,9,43,2,19,21,18,13,11,9,13,12,9,10,23,12,7,18,14,10,11,16
TRUE,10.793,6.9849,16.69,11.97,8.0731,0,14.602,12.97,10.793,0,6.4408,10.161,8.6172,13.426,0,3.8086,8.0731,6.4408,5.8967,7.529,3.2645,5.3527,9.7053,2.7204
TRUE,0,0,3.5243,0,0,0,0,0,4.4096,0,0,3.9833,0,4.2948,0,0,0,0,0,0,0,0,0,0
TRUE,8.2065,5.0151,12.31,11.03,0,0,11.398,10.03,8.2065,0,0,6.8388,6.3828,9.5743,0,0,5.9269,4.5592,4.1033,5.471,0,0,7.2947,0
,13,15,10,6,30,0,8,10,12,12,10,18,4,5,18,18,12,7,15,19,16,11,24,12
,18,20,17,11,27,0,6,15,8,6,11,11,7,7,18,22,25,17,12,10,11,17,9,9
TRUE,11.663,2.9964,38.277,31.772,13.668,0,39.097,14.638,22.648,1.8349,2.8429,17.978,18.806,32.614,1.8393,6.8357,3.8277,1.9964,0,1.9964,0,6.6706,17.645,0
TRUE,12.35,6.6388,15.278,12.422,19.989,0,20.7,15.061,18.844,4.8555,9.3499,20.772,17.989,21.772,2.9278,6.6388,7.6388,8.4944,3.7111,8.4944,1.9278,6.7111,15.061,3.7833
TRUE,11.787,1,21.795,21.533,15.51,0,13.066,8.3878,11.537,3.7744,9.9887,14.784,10.851,17.051,3.4849,8.8221,5.4639,3.4735,0,3.3008,0,13.304,8.8852,5.6644
,18,19,11,8,28,1,6,6,12,15,7,10,4,11,8,10,11,14,12,12,11,9,8,12
TRUE,0,0,1.4032,0,1.1594,0,0,0,0,1.2521,0,1.1716,0,0,0,0,0,0,0,0,0,1.2622,0,1.2363
TRUE,0,0,17.356,22.932,1.5,0,20.149,15.02,0,0,0,5.4547,6.5359,5.4395,2,0,3.7175,0,0,0,0,0,6.6114,0
TRUE,0,0,0,0,0,0,5.5995,0,2.4494,2.0076,0,6.2988,0,0,0,0,5.6602,0,0,0,0,5.1931,0,0
TRUE,20.949,2,17.974,25.974,15,0,19.974,19.974,16.974,6,6.9744,15.974,9.9744,30.949,8.9744,6.9744,5,2,2,4,0,5.9744,11,3
TRUE,0,0,0,0,0,0,5.1901,0,0,0,0,0,0,0,0,0,0,0,0,0,0,0,0,0
TRUE,5.5994,19.399,15.399,9.5994,24.798,3,11.598,11.999,5.5994,23.398,6.5994,7.7997,13.999,10.399,1.7997,13.199,24.797,8.5994,0,5.5994,5.5994,18.399,3.7997,4.5994
TRUE,0,0,14.356,21.932,0,0,20.149,15.02,0,0,0,0,6.5359,5.4395,0,0,0,0,0,0,0,0,0,0
,10,5,21,17,19,0,14,11,20,9,7,15,13,24,8,8,7,4,6,10,3,7,13,7
TRUE,11.067,1.7245,10.961,8.9309,9.1404,8.7514,7.0837,5.2229,1.7575,7.5522,0,5.4159,10.17,10.17,8.1734,3.0702,12.505,7.5522,2.1362,8.9309,0,8.0672,2.3457,9.3097
TRUE,0,0,0,0,0,0,0,8.0639,3.4765,0,0,7.8289,0,0,0,0,0,0,0,0,0,0,0,0
TRUE,0,0,8.7984,5.6902,3.3988,0,0,0,3.8796,0,0,0,0,0,0,0,0,0,0,2.8629,0,0,0,0
TRUE,12.349,5.5609,15.137,13.928,17.352,0,20.964,13.776,13.133,3.7839,7.5678,11.14,10.36,16.137,8.5609,6.5678,5.3491,8.5609,2.5678,7.5609,2.5678,4.7839,12.126,3.5678
TRUE,4.5863,3.4886,9.0083,7.0353,9.528,1,10.99,9.0125,4.5156,2.4928,1.973,7.0521,7.0125,8.4782,1.973,4.4927,2.973,4.4927,4.0353,3.5156,1.973,1.973,2.0624,3.4927
TRUE,0,0,7.0506,0,0,0,5.4472,0,0,0,0,6.4834,0,4.3839,0,0,0,0,0,0,0,0,0,0
,12,14,10,8,20,3,8,7,11,8,7,9,5,3,13,9,13,9,14,7,10,9,11,14
TRUE,8.6707,0,13.671,9.7833,8.5875,13.471,11.484,5.8457,2.2166,8.1958,0,3.4125,12.475,13.454,5.6291,1.825,14.287,6.2374,0,7.8249,3.175,8.6707,1.5875,7.454
,8,3,22,14,9,0,16,8,8,8,2,17,22,21,1,6,18,1,0,3,1,20,10,3
TRUE,0,0,0,0,0,0,0,0,0,0,0,0,7.1814,0,0,0,0,0,0,0,0,0,0,0
TRUE,0,0,0,7.0782,0,0,0,0,0,0,0,0,0,5.8943,0,0,0,0,0,0,0,0,0,0
TRUE,2.9123,0,0,4.0829,0,0,0,0,0,0,1.7413,0,0,4.9406,0,0,0,0,0,0,0,0,0,0
TRUE,10.513,6.3389,17.686,12.686,17.017,0,12.017,11.347,13.347,3.5042,6.1736,14.017,6.1736,17.521,3.6694,6.0083,5.1736,5.1736,1.6694,4.3389,0,7.6778,9.6778,3.3389
TRUE,19.57,4,13.57,18.616,5,0,10.687,11.687,17.523,23.523,6,5,3,0,2,11,0,7,16,16,13,10,8,3
,11,5,8,18,21,0,14,11,12,4,10,11,9,11,6,6,12,6,5,10,4,5,12,8
TRUE,9.0848,2.5193,22.698,14.39,12.973,0,16.376,10.752,14.603,2,1.7974,11.413,5.3397,17.048,2,5.9227,8.0718,1.9354,1.7974,5.2751,1.7862,6.3397,9.0611,2.7974
TRUE,5.096,0,16.498,8.9573,0,0,7.4839,0,0,0,0,8.9359,16.597,9.4606,0,3.3333,11.647,0,0,0,0,7.4839,0,0
TRUE,8.2354,4.3764,9.5707,12.159,12.504,0,8.8389,2.8496,8.7983,2.7252,4.0161,6.0231,6.6142,11.343,2.994,3.7703,4.7217,4.6956,2.5451,5.1509,0,6.1489,6.9189,2.5501
TRUE,7.9604,1.9868,15.908,12.927,13.921,0,19.894,10.934,11.927,4.9736,2.9802,11.927,10.941,17.901,4.9736,7.9604,5.967,2.9802,2.9868,4.9736,0.9934,4.967,8.9472,1.9868
TRUE,6.9654,1.7413,14.189,12.319,14.931,0,14.06,9.5774,8.7067,1.7413,3.4827,11.319,4.3534,10.448,1.7413,5.224,7.8361,4.3534,0.87067,4.3534,0,4.3534,8.7067,2.612
TRUE,3.9618,2,17.771,22.694,5.8471,0,10.847,12.847,10.885,1.9235,0,7.9235,19.732,10.885,2.9235,4.9235,25.809,0,0,1.9618,0,13.809,4.9618,0
TRUE,2.0346,0,2.8106,2.6813,2.0346,0,0,2.4226,0,1.2587,0,3.6813,0,4.5519,0,0,2.1639,1.6466,0,0,0,0,0,0
TRUE,5.7389,0,17.327,9.9612,0,0,8.4281,0,0,0,0,9.937,14.225,8.4402,0,0,14.116,0,0,0,0,9.4281,0,0
,6,12,7,5,21,4,4,6,6,9,7,4,3,5,6,14,17,9,8,8,12,8,6,11
TRUE,0,0,0,0,0,0,0,0,0,0,0,0,0,3.2631,0,0,0,0,0,0,0,0,0,0
TRUE,4.0408,4,8.5816,8.5816,2.5,0,7.5848,5.0424,6.5408,0,0,6.0408,4.5408,7.0816,0,0,0,0,0,3,0,0,0,0
TRUE,11.298,2.0328,10.908,8.5141,2.5203,0,7.3617,6.6676,10.034,11.034,2.5203,3.5531,0,0,0,8.4965,0,2.0039,12.353,9.4422,9.4637,9.4422,6.3766,4.5203
TRUE,4.0408,0,6.5816,7.5816,0,0,7.5848,5.0424,5.5408,0,0,6.0408,4.5408,7.0816,0,0,0,0,0,0,0,0,0,0
TRUE,0,0,0,0,0,0,0,0,0,0,0,0,4.5712,0,0,0,0,0,0,0,0,0,0,0
TRUE,5.9999,9.9998,8.9998,3.9999,17,0,5.9999,7.9998,3,7.9998,5.9999,4.9999,4.9999,3.9999,9.9998,7.9998,7.9998,6.9999,5.9999,3.9999,5.9999,7.9998,3.9999,9.9998
,10,7,12,11,8,2,8,5,10,8,6,14,7,11,8,8,8,7,7,6,6,7,8,8
TRUE,3,2.5,6.5,6,6,0,7.5,4,7.5,0,3.5,7.5,10,9.5,0,2.5,2.5,2,0,0,0,3.5,5,0
TRUE,4.3265,0,0,8.049,0,0,0,4.2604,0,2.8623,0,0,6.5303,0,2.4642,0,0,2.4642,2.1302,0,0,0,3.1963,0
TRUE,3,0,6.5,6,6,0,6.5,4,7.5,0,3.5,7.5,11,10.5,0,0,0,0,0,0,0,3.5,5,1.5
TRUE,9.4557,2,13.456,15.217,10.934,1.8267,16.175,13.456,7.6949,3,3.9341,7.9341,6,10.934,2,3,7.4142,3.8682,3.8267,6.5875,2,3.9341,5.8682,2
TRUE,0,0,0,0,0,0,2.9833,2.6528,0,0,0,0,0,0,0,0,0,0,0,0,0,0,0,0
TRUE,6.8203,2.6406,9.6406,15.461,8.6406,0,8.6039,6.7836,11,1.8203,5.8203,4.8203,6.6406,13.641,3.8203,4.8203,5.8203,5.8203,2.8203,3.8203,1,5,5.8203,2.8203
TRUE,7.9955,1,18.998,15.991,3,0,14.993,9.9977,10.995,1,3,11.993,12.995,17.991,1,1.9977,2.9977,2,0,2.9977,0,3,7.9977,1
,6,10,5,3,16,0,6,6,7,3,5,8,2,2,10,9,6,7,10,11,9,3,8,11
TRUE,2.3128,1,26.478,47.912,4.3142,0,12.729,2.3111,3.3128,1.1556,0,15.953,9.1101,18.167,0,0,1.1556,0,0,0,0,3.3128,3.3128,0
TRUE,9.7934,1.9046,13.71,15.642,11.726,0,10.743,11.811,9.8212,2.9324,4.8768,11.766,8.7536,11.754,2.9324,3.8768,6.849,5.8768,0,3.9046,1,5.8768,10.821,2.9324
TRUE,0,6.5,5,2.5,7,0,0,4.5,0,6,0,4,0,0,3,0,3,3,3,4,4,0,0,0
TRUE,4.6472,0,11.95,8.6306,0,0,10.631,4.6472,0,2.6556,0,9.9583,11.286,9.9583,0,1.9917,11.286,0,0,0,0,5.975,3.3194,0
TRUE,0,0,6.05,4.3694,0,0,5.3694,0,0,0,0,0,0,0,0,0,5.7139,0,0,0,0,0,0,0
TRUE,0,5.5,0,0,10.5,0,0,4.5,0,6,0,3,0,0,3,0,3,3,3,4,4,0,0,0
TRUE,6.8568,2.9284,11.809,8.8568,13.738,1,10.809,7.8568,11.809,5.8807,5.9045,11.809,7.8568,9.833,5.9045,6.8807,5.8807,4.9045,2.9284,5.9045,1.9523,5.8807,6.8807,4.9045
TRUE,4.0384,2.5192,12.558,14.038,5.0384,0,11.558,10.558,7.0384,2.5192,1.5192,12.038,13.558,11.558,1.5192,4.0384,10.558,2.5192,0,0,0,9.0384,7.0384,0
TRUE,6.6545,2.8848,10.309,9.4242,14.733,0,12.194,8.4242,10.194,2.7697,3.7697,9.309,10.194,9.1938,2.6545,3.6545,4.7697,4.6545,1.7697,3.7697,0,3.7697,8.309,1.8848
TRUE,7.1901,2.73,8.6501,12.38,8.1901,0,10.92,7.1901,6.46,5.46,3.73,7.9201,7.9201,9.6501,3.46,3.46,6.9201,5.46,1.73,4.46,1.73,7.1901,8.1901,2.46
TRUE,4.3674,0,4.3148,5.6847,6.4748,0,6.8465,3.5429,4.4915,0,4.4915,3.1402,4.4384,6.0612,0,0,2.5657,0,0,2.9745,0,3.9953,4.4915,0
TRUE,10.49,1.9866,13.679,12.692,4.9493,0,18.435,13.48,10.949,0,2.9722,6.9644,3.9644,12.918,0,4.9509,6.49,2.9637,0,4.7473,0,1.9637,9.9509,1.9742
TRUE,3.6004,1.6401,7.2645,6.2007,3.2803,0,4.1703,0,4.9204,2.9602,0,8.0296,5.6004,7.3655,2.9602,1.9602,4.0693,1.9602,1.3201,4.2803,1.6401,3.3043,1.9602,1.6401
,5,1,19,17,5,1,11,9,3,3,1,20,13,10,0,3,10,0,0,0,0,9,4,1
,6,3,16,11,11,0,9,4,11,3,2,10,7,19,0,2,6,2,3,4,1,7,8,2
TRUE,0,0,0,5.1927,0,0,0,0,0,0,0,0,0,0,0,0,0,0,0,0,0,0,0,0
TRUE,5.5,12.5,2.5,0,7.5,0,0,8.5,3.5,0,6.5,0,1,0,13,3,0,6,1.5,2.5,11,8.5,1,7.5
TRUE,4.0147,2,12.059,10.044,6.0147,0,9.3994,6.0293,6.7009,2.6716,2.3431,11.073,6.7009,9.7302,0,3.6862,3.3431,2.3431,0,1,0,2.6716,3.3431,0
TRUE,1.7838,0,4.2934,4.7068,1.5069,0,5.7075,5.9739,2.1862,0,1.2026,3.6963,2.9153,4.1118,0,1.9967,1.797,0,0,1.5945,0,3.9153,2.7943,0
TRUE,6,3,8.8666,7,9,0,10.867,7.8666,9,2,5.8666,8.8666,5,9.8666,1,4.8666,6,4,2,3,2,6,5.8666,4
,5,10,10,7,12,0,6,3,3,6,5,5,6,3,4,3,5,5,4,5,4,7,8,0
,3,2,15,15,8,0,13,6,6,1,0,7,7,13,0,5,9,1,1,2,1,4,9,2
TRUE,8.5731,1.9346,12.302,8.4479,7.5639,0,12.402,10.442,9.4021,0,0,10.402,10.337,15.086,0,0,2.8945,0,0,0.95988,0,5.6385,5.6638,0
,6,7,6,6,14,0,8,4,0,2,3,6,4,13,3,6,3,3,3,4,3,4,9,7
,6,2,10,12,9,0,8,7,5,3,1,11,5,11,0,1,4,3,0,4,0,3,5,2
TRUE,4.1165,1.3213,5.7631,6.964,3.9116,0,9.0343,5.483,3.7109,0,2.9156,4.2533,3.9158,11.418,0,0,5.1003,2.9278,0,2.5903,0,3.2531,4.7793,1.7269
TRUE,1.9672,0,11.538,9.571,0,0,7.9106,0,0,0,0,4.6087,5.9295,7.2503,0,0,9.571,0,0,0,0,10.552,3.288,0
TRUE,5.4317,1.8106,10.053,4.5264,17.295,1.8106,8.2422,4.5264,3.6211,4.5264,3.6211,7.2422,10.958,4.5264,2.7158,3.6211,6.4317,6.4317,3.6211,0,4.5264,1.8106,2.7158,0
,6,4,11,13,6,0,11,7,7,1,5,11,6,13,1,5,2,3,2,3,0,5,5,2
,5,4,11,11,10,0,6,6,8,3,5,9,6,14,3,2,5,3,1,2,0,5,10,1
TRUE,0,0,0,0,0,0,2.6918,2.3459,0,0,0,0,0,0,0,0,0,0,0,0,0,0,0,0
TRUE,0,0,5.4195,4.4079,0,0,4.0682,0,0,0,0,0,4.0494,3.7286,0,0,4.4079,0,0,0,0,5.4267,0,0
TRUE,5.6,0,8.1999,7.1999,4.4,0,8.6,3.6,7.4,3.6,3.4,9.1999,6.6,11.8,1.8,5.6,3.6,2.6,0,2.6,0,3.6,5.6,3.6
TRUE,5.2485,1.4417,13.577,7.8312,0,0,5.6629,2.8584,6.2538,0,0,7.577,6.729,12.008,0,3.3022,0.9994,0,0,0,0,2.9109,9.6213,0
,7,2,10,11,5,0,9,8,10,1,3,12,8,13,4,4,3,1,1,1,0,3,6,1
TRUE,4.6009,0,13.703,10.902,8.3015,0,11.002,6.4013,4.6009,2.7007,0,10.002,10.902,12.703,0,4.6009,8.2018,0,0,1.9002,0,4.6009,6.4013,0
,5,2,12,10,2,0,17,7,6,3,0,10,11,11,2,4,11,0,0,0,0,9,5,0
TRUE,0,0,3.4476,0,0,0,0,0,0,0,0,0,0,0,0,0,0,0,0,0,0,0,0,0
TRUE,0,3.9951,0,0,3.4976,0,0,0,0,3.4775,0,0,0,0,2.4976,0,2.4775,2.9967,0,3.4775,0,1.9984,2.9767,2.9984
TRUE,1.2557,0,6.9062,4.3948,0,0,8.7897,3.1392,3.767,0,0,3.767,4.3948,5.0227,0,0,5.6505,0,0,0,0,7.534,1.8835,0
TRUE,0,0,0,0,0,0,5.2103,0,0,0,0,0,2.6052,0,0,0,3.3495,0,0,0,0,0,0,0
TRUE,0,0,0,2.956,0,0,6.108,3.9707,0,0,0,0,0,0,0,0,0,0,0,0,0,0,0,0
TRUE,7.4485,0,8.8969,9.8969,5,0,9.9323,6.4661,5.4485,2,3,4.4485,4.4485,8.8969,2,4.4485,5,1.4485,0,1,0,3.4485,3,1
TRUE,0,0,0,0,0,0,4.1183,0,0,0,0,2.2551,0,0,0,0,0,0,0,0,0,0,0,0
,6,4,9,13,3,0,8,10,5,2,5,2,5,12,5,2,4,3,1,1,1,4,3,2
TRUE,2.8694,1.9129,5.7729,10.546,5.8694,0,8.6764,3.86,9.6422,0,2.9129,8.6764,7.7293,10.599,2.9129,3.8694,1.9565,3.9129,0,1.9565,0,5.8164,4.8164,0
TRUE,7,3,11,9,7,2,5.9992,4,4,2,3,6,4,7,2,8,2,4,1,4,2,3,5,2
TRUE,0,0,0,0,0,0,0,0,2.9848,2.4856,0,4.0049,0,0,0,0,2.4856,0,0,0,0,0,0,0
TRUE,1,1.9345,14.768,11.894,2.9345,0,9.834,3.8937,7.9345,1,2.8806,8.9286,6.9345,14.929,0,2.9403,0,1,0,0,0,3,4.9403,0
TRUE,0,0,16.089,12.995,0,0,13.509,6.5074,0,0,0,3.6584,6.9474,4.6207,0,0,0,0,0,1.6212,0,0,4.5707,0
,1,0,19,23,1,0,8.987,0,2,0,1,9,6,21,0,2,0,0,0,0,0,0,2,0
TRUE,7.9923,8.9923,2,0,9.9908,0,0,5.9923,0,7.9923,0,2.9985,0.99847,4.9969,0,6.9908,5.9908,4.9939,3.9969,0,2.9969,11.989,0,0
TRUE,6.4,1,5.4,7.2,5.6,0,6.2,6.2,4.6,1,4.8,4.4,3.6,8,1.8,3.4,3.6,1.8,0,3.6,0,3.6,4.6,1
TRUE,6.2164,0,13.43,9.8221,0,0,11.822,6.4758,0,0,0,5.2156,8.0846,9.6935,0,0,5.4779,0,0,0,0,9.952,0,0
TRUE,2.9973,2.9946,8.8832,9.8751,2.9946,0,9.8859,8.9919,2.9946,3.9946,0,2.9946,9.7717,7.8805,1.9973,0,9.8859,0,0,0.9973,0,4.8859,1.8912,0
TRUE,0,0,1.0872,0,0,0,0,0,0,4.0872,0,0,0,0,0,0,2.3134,0,0,0,0,0,1.0872,0
TRUE,3.8756,2.8756,9.8756,4.7512,7.7512,0,11.876,8.8756,2.8756,1,2,3.8756,5.8756,6.8756,1.8756,0,3,3.8756,0,4.8756,0,3,5.8756,2.8756
TRUE,4.8575,0,10.82,6.835,5.8125,0,9.7449,6.79,6.835,0,2.88,4.8275,5.835,5.835,0,1.9025,2.88,0.97749,0,1.9025,0,2.9325,2.88,0
TRUE,0,0,0,0,0,0,0,6.5,0,0,0,0,0,0,0,0,0,0,0,0,10,0,0,0
,2,0,9,6,5,0,6,4,3,2,2,8,11,11,3,3,5,1,0,3,0,9,2,2
TRUE,3.5002,0,3.5004,2.0001,0,0,7.5008,6.0006,0,0,0,0,0,0,0,0,3.0001,0,0,3.0003,0,0,0,0
TRUE,2.0246,0,14.687,42.971,0,0,13.579,2,0,0,0,3.9382,4,3,0,0,0,0,0,0,0,1,2.9382,0
TRUE,5,0,5,9.9719,3,0,8,6,6.9437,0,1,7.9719,5,8.9719,0,4,6,1,2,1,0,4.9719,3,1
TRUE,0,0,2.6008,0,5.2017,0,2.402,2.0014,1.4006,2.6023,0,0,3.0014,2.6008,0,1.8011,3.2031,0,0,0,2.4006,0,0,0
TRUE,0,0,3.0475,3.0316,0,0,7.0316,0,0,1.0158,0,0,0,0,0,0,0,1.0079,0,0,0,0,0,0
TRUE,4.5027,0,6.3703,5.8932,2.448,0,3.1122,0,5.4882,0,1.608,6.3431,4.3156,10.458,0,1.608,0,0,0,0,0,0,1.6351,0
TRUE,0,0,0,1.5758,0,0,0,0,0,0,0,0,0,0,0,0,0,0,0,0,0,0,0,0
TRUE,3.9792,0,6.9609,4.9766,3.4853,0,9.4198,4.4835,4.9627,0,1.9957,5.4844,4.4844,8.4505,0.99827,0,0,1.9957,0,0,0,2.4887,4.9766,0
,3,2,6,4,5,1,8,5,7,3,1,7,4,6,2,3,4,3,2,3,2,3,5,4
TRUE,6.9525,6.9525,3.9728,3.9728,8.9389,0,0,4.9728,1.9864,2.9796,0,1.9864,0,1.9864,3.9728,3.9728,0.99321,1.9864,2.9796,4.966,2.9796,3.9728,2.9796,4.966
TRUE,0,0,5.5834,4.963,0,0,5.5834,4.3426,0,0,0,3.7223,3.1019,4.3426,0,0,0,0,0,0,0,0,0,0
TRUE,2.6667,2,3.6667,3,6.6667,0,3,2.3333,3.3333,2.6667,1.6667,2.3333,1.6667,4.3333,2,0,2,2,1.6667,2.6667,0,2,2.6667,0
TRUE,4.3143,0,5.6,9.4,5.6,0,4.4,7.1143,4.8,1,3.8,2.8,2,11.4,1.8,7.2,2.6,2.8,2,2.6,0,1.8,2,1
TRUE,5.7299,0,5.7397,7.5519,4.8982,0,5.7397,1.8748,6.6243,1.9276,1.9276,4.8552,3.8121,9.4892,0,0.99022,3.865,1.9276,0,0,0,2.865,4.7926,2.9178
,2,2,5,5,1,0,2,4,5,13,2,2,0,0,0,8,0,2,0,5,5,3,3,2
TRUE,2.7742,0,5.5484,3.4964,0,0,4.1834,2.0917,4.1422,0,0,3.4582,0,3.4964,0,0,0,0,0,0,0,0,2.052,0
TRUE,0,0,0,0,0,0,6.4992,0,0,0,0,0,0,0,0,0,0,0,0,0,0,0,0,0
,5,0,7,8,4,0,6,4,3,0,0,4,3,9,2,0,6,1,0,0,1,10,1,0
TRUE,0,0,8.1548,26.739,0,0,12.59,6,0,2.2651,0,4.5312,3.5312,1.6496,0,3.5904,0,0,0,0,0,1,0,0
TRUE,1.7113,0,4.1996,1.5415,7.1465,0,2.083,0,2.2528,1,0,6.2655,5.8242,3.4884,0,0,0,0,0,0,0,0,2.964,1.7113
TRUE,4.9616,0,3.4424,5.9616,1.4808,0,8.4424,8.4424,2.9616,2.4808,0,3.9616,6.4424,6.4424,0,1.9616,4.4424,0,0,0,0,3.9616,2.9616,0
,4,3,4,6,4,1,10,8,0,0,5,5,3,5,0,2,2,3,2,2,2,4,4,2
,1,2,7,8,3,0,11,8,3,1,0,3,7,7,2,5,7,0,0,1,0,5,3,0
,0,6,2,0,8,0,3,5,0,4,2,1,0,0,4,6,3,5,3,2,5,4,2,4
TRUE,0,0,0,4.3475,0,0,0,0,0,0,0,0,0,0,0,0,0,0,0,0,0,0,0,0
TRUE,3.5599,0,5.3348,5.1696,0,0,7.106,0.84868,2.7113,1.7748,2.6321,5.2659,1.7851,8.659,2.7113,2.7113,0,1.7748,0,1.8626,0,0,2.7113,0
TRUE,2.887,1.9623,4.8493,3.887,4.8493,0,9.6609,0,6.7739,1.9246,1.9246,8.7363,6.7739,11.623,0,4.8493,1.9623,1.9623,0,0,0,1.9246,3.887,0
TRUE,1.4,1.2,2.8001,2.8001,3.0001,0,2.4,1.4,2.6,1.4,1.6,2.8001,1.4,4.2001,1.2,1.4,2.4,1.4,1.2,1.4,1.2,0,1.4,2.4
TRUE,6.6027,1,3.5312,0,0,0,0,0,3,7.6027,0,0,0,0,0,1.3095,0,0,2.2932,3,4.3095,3,1.3095,3.3095
TRUE,1.3245,0,6.064,3.4384,0,0,10.34,2.9381,1.8128,0,0,2.8128,5.9632,2.8128,0,1,7.0651,0,0,0,0,0,1,0
TRUE,0,0,0,6.8132,0,0,0,0,0,0,0,0,0,0,0,0,0,0,0,0,0,0,0,0
TRUE,0,0,10.45,9.5122,1.6815,0,9.3072,0,0,0,0,2.5223,5.0523,4.2115,0,0,0,0,0,0,0,0,3.3708,0
TRUE,1,0,9.7867,8.09,2.6967,0,7.3933,2.6967,3.6967,0,0,4,2.6967,8.3933,0,2,1.6967,1,0,0,0,2,0,0
TRUE,2,0,6.6728,10.993,5.3528,0,9.3455,9.6728,3.9964,0,0,3,1.6764,8.9927,0,3,0,0,1,0,0,0,2,0
,4,6,5,2,5,0,3,0,5,2,4,2,2,0,3,2,3,0,3,3,6,2,1,5
TRUE,4.2585,0,4.2585,5.7641,3.5056,0,5.0113,2.5056,6.7641,0,3.5056,5.2585,2.5056,6.7641,0,1.7528,0,0,0,0,0,0,3.5056,0
TRUE,0,0,3.5866,0,0,0,2.4189,0,0,0,0,0,0,0,0,0,2.8068,0,0,0,0,0,0,0
TRUE,0,0,3,3.5,0,0,4.5,0,3,0,0,0,2.5,4,0,1.5,2,0,0,0,0,2.5,3,0
,1,0,10,0,3,0,14,6,3,2,2,2,3,3,1,2,2,2,0,1,0,6,3,0
,3,2,2,2,11,0,0,7,0,5,3,3,2,1,2,4,3,0,2,8,6,0,2,5
TRUE,5.9411,1,5.9411,5.9019,7.9215,0,1.9804,1.9804,6.9215,1,2,5.9411,2.9411,4.9411,2,4.9608,0,1.9804,0,0,0,0,3.9608,0
TRUE,0,0,3.3554,4.3554,5.7041,0,3.3694,0,4.1777,1,0,3.1777,3.1777,4.3554,1,0,0,0.1777,0,1.7041,0,2.1777,1,0
TRUE,0,0,1,0,0,0,0,0,0,0,0,0,0,0,0,2,0,0,0,0,1,0,0,0
,3,0,16,9,2,0,0,3,3,0,1,4,0,8,4,6,0,1,0,2,0,1,5,1
TRUE,0,0,0,0,0,0,0,0,1.6098,0,2.8296,0,0,0,3.0492,0,0,0,0.60985,1.6098,0,0,0,0
TRUE,0,0,3.5854,6.1395,0,0,4.0942,3.1011,2.0314,0,0,3.0697,2.554,3.5785,0,0,0,0,0,0,0,0,0,0
TRUE,0,0,5.4404,2.2202,0,0,3.2203,2.2202,0,3.2202,0,0,0,0,0,0,3.2202,0,0,2.2202,0,4.2202,0,0
TRUE,0.96462,0,15.965,3.9646,0,0,5.9646,0,0,0,0,5.9646,8.9292,8.9646,0,0,6.9646,0,0,0,0,9.9646,0,0
,5,1,4,6,2,0,3,3,2,2,1,2,2,4,1,1,2,2,1,3,0,1,2,2
TRUE,2.5943,1.8244,5.0463,5.0463,3.6488,0,5.2262,4.4562,4.2764,0,0,2.5943,2.5943,3.5065,0,1.8244,3.9946,2.5943,0,3.0559,0,1.8244,1.8244,0
TRUE,0,0,0,0,0,0,3,1.6667,3.6667,0,2.3333,3.6667,2.3333,0,0,0,0,0,0,0,0,3,1.3333,0
TRUE,1.5492,0,4.2384,3.0983,5.5621,0,3.9608,2.3237,3.4638,0,0,4.2384,0,6.153,0,0,0,0,0,0,0,2.4638,2.4638,0
,6,2,7,6,2,0,9,4,5,0,0,4,3,6,0,3,4,1,1,0,1,4,3,0
TRUE,0,0,3.7864,3.1554,0,0,5.4175,0,0,0,0,4.4175,3.1554,5.6796,0,0,2.5243,0,0,0,0,3.7864,0,0
TRUE,0,0,2.2136,0,0,0,0,0,0,0,0,0,0,0,0,0,0,0,0,0,0,0,0,0
,4,2,3,0,5,1,4,2,3,3,2,2,1,0,1,2,5,2,3,5,5,3,3,2
,3,0,6,6,0,0,6,0,0,0,0,5,8,8,0,1,10,0,0,0,0,5,1,0
TRUE,1.6,1,2.6,3.8,0,0,1.8,1.8,1.4,0,0,0,0,0,0,0,0,1.2,0,1.4,0,0,0,0
TRUE,0,0,7.2205,4.5323,0,0,7.8942,1.8441,0,0,0,6.2205,4.3764,5.2205,0,0,6.2205,0,0,0,0,2.6882,0,0
,6,1,4,7,4,0,1,1,5,1,2,3,4,6,2,2,0,0,2,3,0,0,0,0
,3,0,6,3,4,0,8,4,7,0,3,5,3,5,0,3,0,0,0,1,0,0,3,0
TRUE,2,0,8.8101,4.905,0,0,12.715,5.8576,0,1,0,1.9525,4.9525,7.8101,0,1,4.9525,0,0,0,0,4.905,5.8576,0
TRUE,1.9153,0,5.119,3.746,1.9153,0,0,0,3.746,0,1.4577,4.2037,2.8307,3.2883,0,0,0,0,0,0,0,0,2.373,0
,2,5,3,0,7,0,0,1,3,5,2,4,0,1,0,4,3,5,4,6,3,3,3,2
TRUE,0,0,0,3.7811,0,0,2.8263,2.8326,0,0,0,0,0,0,0,0,0,0,0,0,0,0,0,0
TRUE,2.8099,0,0,0,0,0,4.0799,1.8099,0,0,0,0,0,0,0,0,2.0799,0,0,0,0,0,0,0
TRUE,0,0,7.6966,14.697,0,0,0.82492,0,0,0,0,3.6525,2,8.4346,0,0,0,0,0,0,0,8.7822,0,0
,3,3,6,8,4,0,5,3,4,0,1,4,3,6,0,2,2,1,1,0,0,1,5,1
TRUE,0,0,0,0,0,0,3.5,0,0,0,0,3,0,0,0,0,0,0,0,0,0,0,0,0
TRUE,0,0,6.282,37.384,0,0,6.0355,2.9409,0,0,0,0,1.8374,0,0,0,0,0,0,0,0,0,0,0
,4,0,3,4,3,0,7,4,4,4,0,5,5,7,0,3,5,0,0,0,0,4,4,0
,2,0,9,30,0,0,3,0,0,1,0,5,0,5,0,0,1,0,0,0,0,6,2,0
,0,0,8,4,0,0,9,2,3,1,1,2,4,7,1,0,2,0,0,0,0,1,2,0
TRUE,0,0,4.881,0,0,0,3.1693,1.0847,3.254,0,0,3.7963,0,2.7117,0,0,0,0,0,0,0,0,0,0
TRUE,1.9963,0,7.9944,6.9906,0,0,8.9888,3.9963,0,0,0,3.9944,4.9944,6.9925,0,1.9981,1.9981,0,0,0,0,6.9906,3.9944,0
TRUE,0,0,17.918,22.907,0,0,0,0,0,0,0,0,1.9883,4.9766,0,0.98831,0,0,0,0,0,0,0,0
TRUE,2.9162,0,5.8742,4.9162,3.9162,0,7.844,4.886,1.9581,0,0,4.9581,2.9581,3.9581,0,1.9581,0.95808,0,0,1.9162,0,1.9581,1.9581,0
,2,2,1,0,5,4,7,5,0,0,0,0,1,0,1,2,4,1,0,4,1,1,1,2
TRUE,3.9533,1.9844,5.9067,3.9689,3.9844,0,4.9689,2.9689,4.9378,0,0,2,0,3.9533,0,2,2,1,0,2.9689,0,0,3.9689,1
TRUE,3,0,7.9996,4.9998,3,0,3,0,3.9998,1,1,5.9998,2,8.9998,1,2,0,0,0,0,0,2,2,0
,2,0,7,12,1,0,3,0,2,0,0,4,3,9,0,6,0,0,0,0,0,2,2,0
TRUE,0,0,1.2681,4.5553,0,0,0,0,1,0,0,1.1875,0,0,0,1.079,0,0,0,0,0,1,0,0
TRUE,1.9313,0.96567,1.9313,2.897,2.9657,0,2.9313,1.9657,2.9313,1.9657,2.9313,2.9657,2.9657,3.9313,0,0,1.9313,0,0.96567,2.9313,0,0,1.9657,0.96567
,1,2,3,3,1,0,6,2,2,1,2,4,3,3,1,0,0,2,0,0,1,3,2,0
,4,1,6,6,5,0,2,4,4,2,1,4,3,5,2,2,2,2,0,0,0,2,2,0
TRUE,0,0,3.5474,4.3258,0,0,1.7869,0,0,0,0,0,0,3.327,0,0,0,0,0,0,0,0,0,0
TRUE,1.7415,0,1.7415,2.2359,0,0,1.9887,0,2.2359,0,0,0,0,0,0,0,0,0,0,0,0,0,1.4944,0
,3,5,3,2,2,0,2,3,5,0,2,0,0,0,0,0,1,3,5,3,5,1,1,0
TRUE,0,0,0,0,0,9.8993,1.8993,1.8993,0,0,0,0,0,0,0,0,0,0,0,0,0,0,0,0
,1,3,2,2,4,0,1,1,1,2,2,2,0,0,2,1,2,2,2,3,3,3,1,1
TRUE,0,0,0,0,0,0,4.8879,3.3608,0,0,0,0,0,0,0,0,0,0,0,0,0,0,0,0
TRUE,2.4553,0,4.1344,4.1344,2.1344,0,3,1.6791,3.1344,0,0,1.4553,2.1344,3.8135,0,1,1,0,0,0,0,3.4553,3.1344,0
TRUE,0,0,2.3306,0,0,0,3.2778,0,0,0,0,3.6369,4.6084,5.2494,0,0,2.9959,0,0,0,0,4.3021,0,0
TRUE,2.8847,0,3.3847,2.8847,0,0,0,0,1.4423,0,0,0,0,4.2693,0,0,0,0,0,0,0,0,0,0
,1,0,6,11,0,0,11,8,3,0,1,2,2,6,0,0,0,0,0,0,0,0,0,0
TRUE,0,0,1.7795,1.4677,0,0,0,0,0,0,0,1.7795,1.6236,1.7795,0,0,1.7795,0,0,0,0,1.3118,0,0
TRUE,0,0,0,0,0,0,1.9063,0,0,0,0,0,0,0,0,0,0,0,0,0,0,0,0,0
,3,1,4,3,2,0,2,0,5,1,1,4,2,2,0,0,2,2,2,1,0,2,2,0
TRUE,0,2.3264,7.3055,1.6597,0,0,0,0,2.993,0,0,0,4,0,0,1,0,2.9861,0,0,0,0,0,0
TRUE,0,1,1,13.771,0,0,6.8488,2,0,0,0,1,9.7714,3.8479,0,0,0,0,0,0,0,0,2.9244,0
,4,6,0,0,8,0,0,0,0,2,0,0,0,0,3,2,1,3,5,2,3,1,4,1
TRUE,0,0,0,0,0,0,0,0,0,0,0,3.1866,0,5.1033,0,0,0,0,0,0,0,0,2.5399,0
,2,0,5,8,3,0,7,0,2,1,2,4,2,6,0,0,0,1,0,2,0,0,3,0
TRUE,0,0,0,0,0,0,0,0,0,0,0,0,0,4.5236,0,0,0,0,0,0,0,0,0,0
TRUE,0,0,0,0,0,0,0,0,0,0,0,0,0,4.4764,0,0,0,0,0,0,0,0,0,0
TRUE,0,0,0,0,0,0,0,0,0,0,0,0,0,0,0,0,2.0041,0,0,0,0,0,0,0
TRUE,0,0,10.973,11.879,0,0,0,0,0,0,0,0,1.9843,4.9756,0,0,4.9904,0,0,0,0,7.4676,0,0
TRUE,0,0,0,3.4628,0,0,0,0,0,0,0,0,0,0,0,0,0,0,0,0,0,0,0,0
,3,2,2,0,5,0,1,0,3,2,1,2,0,1,2,1,3,3,3,3,3,2,3,2
,4,0,8,5,3,0,0,0,3,0,1,6,4,5,0,2,0,0,0,0,0,0,2,0
,1,2,2,2,5,0,2,3,0,1,2,1,0,2,3,2,2,2,2,2,3,2,2,2
TRUE,4.6565,2,0,0,8.313,0,0,0,2.8282,0,1,2.8282,2.6565,0,1.8282,2,2.6565,1.8282,2,0,1,1,0,1
TRUE,0,0,6.8328,3.9044,0,0,2.9522,2.9522,0,0,0,0.97611,4.8806,4.8806,0,0,1.9522,0,0,0,0,2.9283,0,0
TRUE,0.97375,2.9212,2.9212,0,0.97375,0,1.9475,2.9475,2.9212,0,0,0,0,0.97375,1.9475,2.9212,3.9212,1.9475,0.97375,3.895,0.97375,0,0,0.97375
TRUE,0,0,0,0,0,0,1.3829,1.4344,0,0,0,0,0,0,0,0,0,0,0,0,0,0,0,0
TRUE,0.95262,0,6.9052,1.9526,2.9526,0,4,0,2.9175,0,1,3.9526,1.9526,5.9052,0,0,2,0,0,0,0,0,2,1
,2,0,4,3,1,0,4,0,5,1,0,6,2,7,0,2,0,0,0,0,0,1,3,0
TRUE,0,0,0,2.8847,0,0,0,0,0,0,0,0,0,0,0,0,0,0,0,0,0,0,0,0
,0,0,5,6,1,0,6,2,0,0,1,3,0,6,0,0,0,0,1,0,0,2,0,0
TRUE,1.9731,0,7.9192,2.9596,0,0,6.9192,2.9596,0,0,0,5.9327,5.9327,3.9461,0,0,2.9596,0,0,0,0,2.9596,0,0
TRUE,0,0,9.4173,9.4173,0,0,3.741,0,0,0,0,1.8705,1.8705,3.741,0,0,2.8058,0,0,1.8705,0,4.6763,3.741,0
TRUE,0,0,0,3.1606,0,0,2.169,0,0,0,0,0,0,4.1585,0,0,0,0,0,0,0,0,0,0
,1,1,7,5,2,0,7,0,4,0,0,3,1,4,0,1,2,0,0,0,0,0,2,0
,2,0,3,4,2,0,5,4,5,0,0,5,3,4,0,0,0,0,0,0,0,0,1,0
TRUE,0,0,0,0,0,0,0,0,0,0,0,0,0,1.6667,0,0,0,0,0,0,0,0,1.6632,0
,1,1,3,3,2,0,6,4,2,0,2,4,0,4,0,1,3,1,1,1,0,0,0,1
TRUE,0,2,0,0,5,2,1.4442,0,0,0,2.4767,5.4767,1,2,2.4767,0,0,0,2,2.4767,3.4767,2,0,0
TRUE,1.5611,0,3.3448,0,0,0,2.3508,2.3448,2.3448,0,0,2.5672,0,5.3448,0,0,0,0,0,0,0,2.5672,0,0
,4,1,2,2,3,0,2,0,0,1,1,2,2,2,1,1,3,1,1,1,1,1,2,1
TRUE,1.9777,0,6.9109,1.9777,0,0,2.9777,0,0,0,0,3.9554,6.9109,4.9331,0,0,5.9109,0,0,0,0,6.8886,0,0
,1,2,4,3,4,0,2,0,0,0,0,4,5,2,0,1,2,0,0,2,0,2,2,0
,3,0,7,6,1,0,3,2,0,0,0,1,0,2,0,0,2,0,0,3,0,1,1,0
,2,1,2,2,0,0,5,3,2,1,2,3,2,5,0,2,0,1,0,0,0,1,0,0
,0,0,0,0,0,0,0,0,0,0,0,0,0,0,0,0,0,0,0,0,0,0,1,0
TRUE,1.8056,0,3.6112,3.5978,0,0,2.8056,2.7084,2.7084,0,0,0,1.8056,3.6112,0,0,0,0,0,0,0,0,0,0
TRUE,1,0,5,3,1,0,4,0,8,0,0,2,1,3,0,1,0,0,0,0,0,0,2,0
TRUE,0,0,0,0,0,0,0,1.1977,0,0,0,0,0,0,0,0,0,0,0,0,0,0,0,0
TRUE,0,0,2.9098,9.3613,0,0,0,0,0,0,0,0,0,0,0,1,0,0,1,0,0,0,0,0
,1,1,2,0,2,0,2,2,0,2,1,2,0,1,1,2,1,2,2,2,2,0,0,2
,1,0,0,0,0,0,0,0,0,0,0,0,0,0,0,0,0,0,0,0,2,0,0,0
TRUE,0,0,0,0,0,0,5.5634,0,0,0,0,0,0,4.5349,0,0,0,0,0,0,0,0,0,0
,0,1,0,1,2,0,3,1,1,1,1,1,0,0,0,2,1,0,2,4,2,0,0,0
,0,1,3,0,6,0,0,0,0,1,1,2,0,0,1,0,3,0,1,0,1,0,0,3
TRUE,1,0,4.6792,2.6792,2.6792,0,5.3583,1.6792,0,1,0,0,1.6792,3.6792,0,1,2,0,0,0,0,1.6792,2,0
TRUE,2,0,4.86,3.86,1,0,2,0,2,0,0,3.86,2.86,6.72,0,1,0,0,0,0,0,1,3,0
TRUE,0,0,0,0,0,1.1199,0,0,0,1.1644,0,0,1.1644,0,0,0,0,0,0,0,0,0,1,0
TRUE,0,0,0,0,1.1244,0,0,0,0,0,0,0,0,0,0,0,0,0,0,0,0,0,0,0
,0,0,5,2,0,0,0,0,0,0,0,7,8,7,0,0,2,0,0,0,0,4,0,0
TRUE,0,0,1.149,1.149,0,0,1.1203,0,0,0,0,1.0745,0,2.1145,0,0,0,0,0,0,0,0,0,0
TRUE,0,0,0,0,2.8295,0,0,0,0,0,0,0,0,0,0,0,0,0,0,0,0,0,0,0
TRUE,0,0,2,4,2,0,0,0,0,0,1,2,2,0,0,1,2,0,2,2,0,1,2,1
TRUE,2.7171,0,2.6504,4.6504,0,0,1.4343,0,0,0,1.7171,0.71715,1.7171,2.6504,0,0,0,0,0,0,0,0,0,0
,4,0,4,4,0,0,3,2,0,0,0,3,0,6,0,0,5,0,0,0,0,4,0,0
TRUE,0,0,0,0,0,0,0,0,0,0,0,0,1.2534,0,0,0,0,0,0,0,0,0,0,0
,2,2,2,1,3,0,2,2,2,1,0,0,1,2,2,2,2,0,2,1,0,0,2,2
,2,0,3,4,1,0,3,0,3,0,1,3,2,5,0,0,2,0,0,0,0,1,0,0
,0,0,0,0,0,0,0,0,0,0,0,0,0,0,1,0,0,0,0,0,0,0,0,0
TRUE,0,0,0,1,0,0,0,0,0,0,0,0,0,2.6731,0,0,0,0,0,0,0,0,0,0
TRUE,0,0,0,0,0,0,2.0577,0,0,0,0,0,0,0,0,0,0,0,0,0,0,0,0,0
TRUE,0,0,0,3.5017,0,0,0,0,0,0,0,3.0022,0,6.0045,0,0,0,0,0,0,0,0,0,0
TRUE,0,0,1.4,0,0,0,0,0,0,0,0,1.2,0,0,0,0,0,0,0,0,0,0,0,0
,2,0,2,2,1,0,3,0,0,1,1,2,1,3,1,1,0,1,1,1,1,2,2,1
,0,1,3,3,1,0,7,2,2,1,0,1,0,1,1,1,1,1,1,1,0,2,1,1
,0,0,1,0,4,0,0,0,2,2,0,0,1,0,2,3,3,1,1,0,1,1,1,1
,0,0,3,2,1,0,2,0,2,0,0,2,3,3,0,1,0,0,0,0,0,1,3,0
TRUE,0,0,2.9892,5.3153,0,0,0,0,2.6522,0,0,3.3153,0,2.6522,0,0,0,0,0,0,0,0,0,0
,0,0,4,6,0,0,3,0,2,0,0,6,1,5,0,0,0,0,0,0,0,0,0,0
TRUE,2,0,0,2,2,2.1445,0,0,0,1,0,1,4,1,0,4,2,1,0,0,0,0,3,1
TRUE,0,0,0,0,0,0,0,0,0,0,0,0,0,1,0,0,0,0,0,0,0,0,0,0
,0,0,2,4,7,0,0,0,2,0,0,3,3,4,0,1,0,0,0,1,0,5,0,0
TRUE,0,0,4.2133,2.91,1.3033,0,3.6067,1.3033,0,0,0,2,0,2.6067,0,1,0,0,0,0,0,0,0,0
TRUE,0,0,3.4983,0,0,0,0,0,0,0,0,0,0,4.9955,0,0,0,0,0,0,0,0,0,0
,0,0,0,0,0,9,0,0,0,0,0,0,0,0,0,0,0,0,0,0,0,0,0,0
,0,0,5,1,0,0,2,0,4,0,0,5,1,5,0,0,0,0,0,0,0,0,2,0
TRUE,3,0,4.9712,6.9466,0,0,0,0,0,0,0,2.9712,1,8.963,0,0,1,0,0,0,0,0,0,0
TRUE,0,0,5.9785,12.94,0,0,2,0,0,0,0,2,0.97846,6,0,0,0,0,0,0,0,0,0,0
TRUE,0,0,6.8387,6.8387,0,0,8.8331,0,0,0,0,0.97695,2.9309,1.9539,0,0,0,0,0,0,0,0,0,0
,1,1,3,0,4,0,0,0,0,0,0,1,1,0,2,1,0,0,2,1,0,0,2,0
,0,0,1,0,0,0,2,0,0,0,0,0,0,0,0,0,0,0,0,0,0,0,0,0
TRUE,0,0,0,0,0,0,0,0,0,0,0,1,0,0,0,0,0,0,0,0,0,0,0,0
TRUE,1,1,2,1,2,1,2,1,0,1,1,1,1,2,1,1,1,1,1,1,1,1,2,1
TRUE,1.9605,0,4.9011,2.9407,0,0,1.9605,1.9605,0,0,0,1.9605,0,5.9011,0,0,0,0,0,0,0,0,0,0
TRUE,0,0,0,0,0,0,1.3369,0,0,0,0,0,0,0,0,0,0,0,0,0,0,0,0,0
,2,1,2,1,2,0,2,0,0,0,1,2,2,3,1,1,1,1,1,1,0,1,3,1
,0,0,1,0,0,0,0,1,0,2,2,0,1,3,1,4,0,0,0,0,2,0,0,0
,1,1,4,3,2,0,0,0,0,0,0,3,2,3,0,1,0,0,0,0,0,0,0,0
TRUE,0,0,0,1,0,0,0,0,1,0,0,0,2.9438,2,0,0,1.9438,0,0,0,0,1,0,0
TRUE,0,0,0,0,0,0,0,1.5,0,0,0,0,1,1,1,1.5,0,1.5,0,0,4,0,0,0
,0,0,3,5,1,0,2,0,3,0,0,4,0,5,0,0,0,0,0,0,0,0,3,0
,5,0,1,0,0,0,0,4,6,0,0,0,0,0,0,0,0,0,7,0,0,2,0,0
TRUE,0,0,1,1,0,0,0,0,0,0,1.8712,0,0,0,0,0,1.7423,0,1.8712,1.8712,0,0,1.8712,0
,3,0,2,0,0,0,3,3,3,0,0,0,0,4,0,0,0,0,0,0,0,0,2,0
TRUE,1.981,0,2.962,1.981,0,0,1.981,1.981,0,0,0,0,6.9049,2.962,0,1,1.981,0,0,0,0,2.962,1,0
TRUE,0,0,0,2.7488,0,0,1.464,0,0,0,0,0,0,0,0,0,0,0,0,0,0,0,0,0
,0,0,3,4,0,0,6,1,3,0,0,3,1,3,0,0,0,0,0,0,0,0,1,0
TRUE,0,0,3.9834,1.9917,0,0,1.9917,0,0,0,0,4.9834,4.9834,4.9834,0,0,0,0,0,0,0,3.9834,0,0
TRUE,1,0,3.964,4.9281,0,0,0,0,1.482,0,0,0,0,1.482,0,0,0,0,0,0,0,0,0,0
TRUE,0,0,0,1,0,0,0,0,0,1,0,1,0,0,0,0,0,0,0,0,0,0,0,1
TRUE,0,0,0,1.5361,0,0,0,0,0,0,0,0,0,0,0,0,0,0,0,0,0,0,0,0
,2,2,2,2,3,0,2,0,2,0,1,1,1,1,0,0,0,2,1,0,0,0,2,1
,3,1,1,2,3,0,3,2,2,0,0,2,2,2,0,0,2,0,0,2,0,0,1,0
,1,1,4,3,0,0,4,3,2,1,1,1,1,3,0,0,1,0,0,0,0,0,2,0
TRUE,0,0,0,2.7523,0,0,0,0,1.7523,0,0,0,0,2.5942,0,0,0,0,0,0,0,0,0,0
,1,0,2,3,5,0,1,1,0,0,0,0,0,1,0,0,0,0,0,1,0,0,2,0
TRUE,0,0,4.8605,2.9302,0,0,0,2.9302,0,0,0,0.96512,0,3.8953,0,0,0,0,0,0,0,0,1.9302,0
TRUE,0,0,9.7821,4.8546,0,0,2.9309,0,0,0,0,0,1,7.8138,0,0,0,0,0,0,0,0,0,0
TRUE,0,0,0,0,0,0,0,0,0,0,0,0,1.8673,0,0,0,0,0,0,0,0,1.1644,0,0
TRUE,0,0,0,0,7,0,0,0,0,0,0,0,0,0,0,0,0,0,0,0,0,0,0,0
,1,1,1,0,4,0,0,0,0,2,1,1,0,0,1,0,0,1,1,0,1,1,1,0
,0,0,2,2,2,0,0,0,0,1,0,1,2,1,0,0,1,1,0,3,0,2,2,2
,2,0,1,2,1,0,1,0,1,0,1,3,2,3,0,1,0,0,0,0,0,0,1,0
TRUE,0,0,5,0,4,0,2.9605,0,0,0,0,4,3,1,0,0,0,0,0,0,0,0,1,0
,0,0,4,3,1,0,2,0,3,0,0,2,2,2,0,0,0,0,0,0,0,1,0,0
TRUE,2.9362,1,5.9044,3.9681,0,0,3,0,0,0,0,2.9681,2,2.9362,0,0,0,0,0,0,0,1,1,0
TRUE,0,0,3,3.9558,0,0,3,0,0,0,0,3,2,4,0,0,2,0,0,0,0,2,0,0
TRUE,0,0,4.7383,4.7383,0,0,2.7411,0,2.8692,0,0,1,0,2.8814,0,0,0,0,0,0,0,0,1.9877,0
,1,1,1,1,2,0,3,0,1,0,1,3,2,2,0,1,1,1,0,0,0,0,0,0
,0,1,2,1,0,0,6,2,0,0,0,0,2,3,0,0,0,0,0,1,0,2,2,0
TRUE,0,0,2.4707,2.8238,0,0,0,0,0,0,0,0,0,0,0,0,0,0,0,0,0,0,0,0
,0,0,1,3,0,0,1,0,0,0,0,0,0,5,0,0,2,0,0,0,0,8,0,0
TRUE,0,0,1.3211,0,0,0,2.6422,0,0,0,0,3,1.3211,2,0,0,0,0,0,0,0,0,0,0
,2,0,2,1,0,0,0,1,0,0,0,1,1,1,1,0,0,1,0,1,0,0,0,2
,1,1,4,1,2,0,3,0,0,1,0,2,0,0,0,1,1,1,0,1,1,0,3,0
TRUE,1,0,1,2,2,0,2.268,0,0,1,0,0,3,1,0,1,1.268,1,0,1,0,1,2,1
,2,0,6,2,0,0,1,1,2,0,0,2,1,6,0,0,0,0,0,0,0,0,0,0
,0,0,6,8,0,0,3,1,0,0,0,0,1,3,0,0,0,0,0,0,0,1,1,0
,0,0,2,3,0,0,2,0,0,0,0,3,4,3,0,0,0,0,0,0,0,3,0,0
TRUE,0,0,1,0,0,0,1.9807,0,0,0,0,1,0,4.942,0,0,3.9614,0,0,0,0,4.942,0,0
TRUE,0,0,2.9663,12.91,0,0,1.9775,0,0,0,0,0,0,0,0,0,0,0,0,0,0,2.9775,0,0
TRUE,0,0,0,0,0,0,0,0,0,0,0,0,0,0,0,0,3,0,0,0,0,5,0,0
,0,0,0,1.1644,0,0,0,0,0,0,0,0,0,0,0,0,0,0,0,0,0,0,0,0
TRUE,0,0,0,1.484,0,0,0,0,0,0,0,0,0,0,0,0,0,0,0,0,0,0,0,0
TRUE,1,0,3,2,0,0,0,0,3,0,0,3,1,4,0,0,0,0,0,0,0,0,2,0
,0,0,4,3,0,0,0,0,0,0,0,0,4,4,0,0,0,0,0,0,0,0,3,0
TRUE,0,0,1.7903,0,0,0,0,0,0,0,0,0,0,0,0,0,0,0,0,0,0,0,0,0
TRUE,0,0,1.973,0,0,0,0,0,0,0,0,0,0,0,0,0,0,0,0,0,0,0,0,0
,1,1,1,1,2,0,2,2,0,1,1,1,0,1,1,1,2,1,0,1,0,1,1,1
TRUE,2,0,2,2,1,0,1.9806,1.9806,0,0,1,1,0,1,0,0,1,1,0,1,0,0,0,1
TRUE,0,0,0,2,2,1.1445,0,1.2891,0,1,1,1,0,0,1,1,0,0,0,0,0,0,1,0
TRUE,0,1,0,0,0,0,0,2.3535,0,0,0,0,1,0,0,1,0,0,0,1,1,1,0,0
TRUE,1.8096,0,0,2.7145,0,0,4.5241,4.5241,0,0,0,0,0,0.90482,0,0,0,0,0,0,0,0,0,0
,0,0,7,8,0,0,3,0,0,0,0,0,0,1,0,0,0,0,0,0,0,0,0,0
TRUE,0,0,0,0,1.1718,0,0,0,0,0,0,0,1.3435,0,0,0,0,0,0,0,0,0,0,0
TRUE,0,0,0,0,0,0,0,0,0,0,0,1,0,0,0,0,0,0,0,0,0,0,1,0
TRUE,0,0,0,2,0,0,0,0,0,1.8711,2,2,2,1,1,1,1,1,2,0,1,2,2.7338,0
,2,0,1,0,0,0,2,0,0,0,0,1,3,3,0,1,3,0,0,0,0,2,0,0
,2,0,5,3,0,0,3,0,1,0,0,2,1,3,0,0,0,0,0,1,0,0,1,0
TRUE,0,0,0,6.7921,0,1,0,0.94803,0,0,0,0,0,3.8961,0,0,0,0,0,0,0,1,0,0
,1,0,3,2,0,0,3,0,2,0,0,3,2,3,0,0,0,0,0,0,0,0,1,0
TRUE,0,1,0,1.2784,0,1,0,0,0,0,0,2.2784,2.2784,1,0,0,1,0,1,0,0,0,0,0
TRUE,1,0,2.9926,3.9926,0,0,1,0,0,0,0,3,3,1,0,0,1,0,0,0,0,1,0,0
TRUE,1.8028,0,2.8028,0,0,0,2.9014,0,0,0,0,3.8028,0,3.8028,0,0,0,0,0,0,0,0,0,0
TRUE,2,0,0,1.653,0,0,0,0,0,0,0,0,1.653,0,0,0,0,0,0,0,0,0,0,0
TRUE,0,0,0,2,0,0,0,0,0,0,0,0,0,0,0,0,0,0,0,0,0,0,0,0
,0,0,3,0,0,0,0,0,0,0,0,0,0,0,0,5,0,0,0,0,0,0,0,0
TRUE,1,0,0,1,0,0,0,0,0,0,1.0976,0,0,0,0,0,0,0,0,0,0,0,0,0
TRUE,2,0,0,0,0,0,0,0,0,0,1.0976,0,0,0,0,0,0,0,0,0,0,0,0,0
TRUE,0,0,0,1.0542,0,0,0,0,0,0,0,0,0,0,0,0,0,0,0,0,0,0,0,0
TRUE,0,1,1,0,2,0,0,1,0,0,0,0,0,1,0,0,1,1,0,1,0,1,1,0
,1,1,3,0,1,0,1,0,0,0,0,1,1,3,0,0,0,0,0,1,0,1,2,0
,0,0,0,1,2,1,2,1,2,0,0,1,1,1,0,1,1,0,0,0,0,0,1,0
TRUE,0,0,0,0,0,0,2.7508,0,1.8754,0,0,1.8754,0,3.456,0,0,0,0,0,0,0,0,0,0
TRUE,2.3536,0,2.3536,1.6768,0,0,1,0,1.6768,0,1,1,0,2.3536,0,0,0,0,0,0,0,0,1,0
,0,0,3,4,0,0,3,0,0,0,0,1,0,1,0,0,3,0,0,0,0,2,0,0
,0,0,4,0,0,0,0,0,0,0,0,2,6,2,0,0,2,0,0,0,0,3,0,0
,0,0,2,2,0,0,3,0,2,0,0,2,0,8,0,0,0,0,0,0,0,0,0,0
TRUE,0,0,0,0,0,0,2.0083,0,0,0,0,0,0,0,0,0,0,0,0,0,0,0,0,0
TRUE,0,0,3.3501,2.9995,0,0,0,0,0,0,0,0,2.3501,0,0,0,0,0,0,0,0,0,0,0
TRUE,0,0,0,0,0,0,1.5657,0,0,0,0,0,0,0,0,0,0,0,0,0,0,0,0,0
TRUE,0,0,0,1.2411,0,0,0,0,0,0,0,0,0,0,0,0,0,0,0,0,0,0,0,0
TRUE,0,0,0,1,0,0,0,0,0,0,0,0,0,0,0,0,0,0,0,0,0,0,0,0
,1,0,3,1,0,0,0,0,0,0,0,2,0,1,1,0,2,0,0,1,0,0,0,2
,0,1,2,1,0,0,2,2,0,1,0,0,0,1,0,2,0,0,1,1,1,0,2,0
,0,0,0,0,2,0,3,1,0,2,0,2,0,0,2,0,2,0,0,1,0,0,0,2
TRUE,2,1,4,2,0,0,2.9782,0,1,0,0,2,0,1,0,0,0,0,0,0,0,0,0,0
,1,0,1,2,0,0,1,0,3,0,0,2,1,2,0,0,0,0,0,0,0,0,0,0
,1,0,1,2,0,0,0,0,2,0,3,3,0,2,1,2,0,0,0,0,0,0,0,0
TRUE,3.9688,0,1,2.9376,0,0,0,0,0,0,0,1.9688,0,3,0,0,0,0,0,0,0,0,0,0
,0,0,3,3,0,0,4,0,0,0,0,3,0,1,0,0,0,0,0,0,0,0,2,0
,0,0,2,9,0,0,0,0,0,0,0,0,0,1,0,0,0,0,0,0,0,0,0,0
TRUE,0,0,0,0,1.6526,0,0,0,0,0,0,0,0,0,0,0,0,0,0,1.6526,0,0,0,0
,0,0,3,2,0,0,0,0,0,0,0,0,4,2,0,0,4,0,0,0,0,3,0,0
TRUE,0,0,2.6306,2.2612,0,0,0,0,0,0,0,2.6306,0,2.2612,0,0,0,0,0,0,0,0,0,0
TRUE,0,0,0,0,0,0,0,0,0,0,0,1,0,0,0,0,0,0,0,0,0,0,0,0
,1,2,1,0,3,0,0,0,2,1,1,0,0,0,1,1,0,1,0,1,1,1,1,1
,2,0,1,3,1,0,0,0,0,1,0,1,2,1,0,2,0,0,0,0,0,0,2,0
TRUE,0,0,2.7652,2.7652,0,0,1.7652,0,0,0,0,0,1,2,0,0,0,0,0,0,0,1,0,0
TRUE,0,0,0,0,1,0,0,1,0,0,0,0,1,0,0,0,0,0,0,0,0,2,0,0
,1,0,2,2,0,0,0,0,2,0,0,2,2,2,0,1,0,0,0,0,0,0,2,0
,2,0,1,1,0,0,2,0,0,0,0,1,2,2,0,0,0,0,0,0,0,0,0,0
TRUE,0,0,2.5972,2,0,0,1,0,1,0,0,2,0,5.1557,0,0,0,0,0,0,0,0,1,0
,0,0,1,2,0,0,0,0,0,0,0,0,2,2,0,0,2,0,0,0,0,5,2,0
,0,0,0,3,0,0,3,0,3,0,0,3,0,2,0,0,0,0,0,0,0,0,0,0
TRUE,0,0,0,2.5143,0,0,0,0,0,0,0,0,2.2386,0,0,0,0,0,0,0,0,3.1843,0,0
TRUE,0,0,0,0,0,0,0,0,0,0,0,0,0,0,0,0,0,0,2,0,0,0,0,0
TRUE,1.256,0,0,0,0,0,0,0,0,0,0,0,0,0,0,0,0,0,0,0,0,0,0,0
TRUE,0,1,0,0,0,0,0,0,0,0,0,0,0,0,0,0,0,0,0,0,0,0,0,0
,0,0,1,1,1,0,0,0,0,0,0,1,0,0,0,0,0,0,1,1,1,1,1,0
TRUE,0,0,0,0,0,0,0,0,0,0,0,0,0,0,0,0,0,0,0,0,1,0,0,0
,0,0,3,2,0,0,4,0,0,0,0,2,0,3,0,0,0,0,0,0,0,0,2,0
TRUE,0,0,0,0,0,0,0,0,0,0,0,0,0,2.6515,0,0,2.5143,0,0,0,0,0,0,0
TRUE,0,0,0,1,0,0,0,0,0,0,0,0,0,1.9503,0,0,0,0,0,0,0,0,0,0
TRUE,0,0,0,0,0,0,0,0,0,0,0,0,1,0,0,0,0,0,0,0,0,0,1,0
TRUE,2.0923,0,0,0,0,0,0,0,0,0,0,0,0,0,0,0,0,0,0,0,0,0,0,0
,0,0,1,1,1,0,0,0,0,1,1,0,1,1,0,0,0,0,0,0,0,1,0,0
,1,2,0,0,3,0,0,0,0,1,1,0,0,0,1,1,1,1,2,1,1,1,0,1
,0,0,1,2,0,0,2,0,0,0,0,0,0,1,0,0,0,0,0,0,0,0,1,0
,0,1,0,0,0,3,2,1,0,1,1,0,0,0,0,0,0,0,0,0,1,0,1,0
,1,0,1,4,0,0,0,0,0,1,0,1,0,0,0,0,2,0,0,0,0,2,1,0
,0,0,0,2,0,0,3,2,2,0,0,0,0,3,0,0,0,0,0,0,0,0,0,0
TRUE,1.9106,0,1,3.6422,0,0,2.8211,0.91056,0,0,0,1.9106,0,1.8211,0,0,0,0,0,0,0,0,0,0
TRUE,0,1,1.9998,3.9995,0,0,3.9998,2,0,0,0,0,0,1,0,0,0,0,0,0,0,0,1,0
TRUE,0.98927,0,1,0.98927,0,0,0,0,0,0,0,1.9893,1.9893,2.9785,0,0,1,0,0,0,0,1,0,0
TRUE,1,0,2.8699,1.9566,0.95665,0,3.8266,0,0,0,0,1.9566,0,0,0,0,0,0,0,0,0,0,0,0
TRUE,0,0,3,0,0,0,2.5,0,0,0,0,0,2,2,0,0,0,0,0,0,0,0,1,0
TRUE,0,0,0,1.8433,0,0,0,0,0,0,0,0,0,0,0,0,0,0,0,0,0,0,0,0
TRUE,0,0,0,0,0,0,0,0,0,0,0,1,0,0,0,0,0,0,0,0,0,0,0,0
TRUE,0,0,0,0,0,0,0,0,0,0,0,0,1.2121,1.1061,0,0,1.1061,0,0,0,0,0,0,0
TRUE,0,0,0,0,0,0,0,0,0,0,0,0,0,1.166,0,0,0,0,0,0,0,0,0,0
,0,1,0,0,2,0,0,0,0,2,0,0,0,0,1,1,1,1,1,0,1,0,1,1
TRUE,0,0,0,0,0,0,0,0,0,0,0,0,0,0,0,0,0,0,0,0,0,0,1,0
TRUE,0,0,1.9129,1.9129,0,0,0,0,0,0,0,1,0,1.9129,0,0,1,0,0,0,0,0,0,0
,1,0,3,4,0,0,1,0,0,0,0,2,0,3,0,0,0,0,0,0,0,0,0,0
TRUE,0,0,2.8287,3.743,0,0,0,0,0,0,0,1.9143,0,1.9143,0,0,0,0,0,0,0,0,0,0
TRUE,0,0,2,4,0,0,0,0,3,0,0,1.9439,0,3,0,0,0,0,0,0,0,0,1,0
TRUE,0,0,2,4.9957,0,0,1.9978,0,0,0,0,1,0,2.9978,0,0,0,0,0,0,0,0,1,0
TRUE,0,0,0,0,0,0,1,0,0,0,0,0,0,1.3295,0,0,0,0,0,0,0,0,0,0
TRUE,0,0,0,0,1,0,0,0,0,0,0,0,0,0,0,0,0,0,0,0,0,0,0,0
TRUE,0,0,0,0,0,0,0,0,0,0,0,0,1.4185,0,0,1,0,0,0,0,0,0,0,0
TRUE,1,0,0,1,0,0,0,0,0,0,0,0,0,0,0,0,0,0,0,0,0,0,0,0
TRUE,0,0,4.9416,5.319,0,0,0,0,0,0,0,0,0,0,0,0,0,0,0,0,0,0,0,0
TRUE,0,0,1.2087,0,0,0,0,0,0,0,0,0,0,0,0,0,0,0,0,0,0,0,0,0
,1,0,0,1,0,0,2,2,0,0,0,1,1,2,0,1,0,0,0,0,0,1,0,0
TRUE,1,0,2,2,0,0,1.8914,0,0,0,0,0,1,2,0,0,0,0,0,0,0,1,0,0
TRUE,0,0,1.8324,1.9162,0,0,0,0,0,0,0,0,0,1.8324,0,0,0,0,0,0,0,1.8324,0,0
TRUE,0,0,1.936,1.936,0,0,1,0,0,0,0,0,0,1.936,0,0,0,0,0,0,0,0,0,0
,0,0,2,1,0,0,2,0,2,0,0,2,1,2,0,0,0,0,0,0,0,0,0,0
,0,0,4,1,0,0,2,0,1,0,0,1,0,2,0,0,0,0,0,0,0,0,0,0
,0,0,0,0,0,0,0,0,0,0,0,0,0,0,0,0,1,0,0,0,0,0,0,0
TRUE,0,0,0,1,0,0,0,0,0,0,0,0,0,0,0,0,0,0,0,0,0,0,0,0
TRUE,0,0,0,1,0,0,0,0,0,0,0,0,0,0,0,0,0,0,0,0,0,0,0,0
,0,1,1,0,0,0,0,0,0,1,0,0,0,0,0,0,2,0,0,0,0,0,0,1
TRUE,1,0,0,1.1666,1,0,2.4234,0,0,0,0,0,0,0,0,1,0,1,0,0,0,1,0,2
TRUE,0,0,3,2,0,0,0,0,0,0,0,3.6181,0,1.6181,0,0,0,0,0,0,0,0,0,0
TRUE,0,0,0.99382,1.9938,0,0,2.9938,0,0,0,0,2.9876,0,1.9938,0,0,0,0,0,0,0,0,0,0
,0,0,2,3,0,0,0,0,0,0,0,0,0,4,0,0,0,0,0,0,0,0,0,0
TRUE,0,0,0.99807,3.9981,0,0,1.9981,0,0,0,0,1.9981,0,3,0,0,0,0,0,0,0,0,0,0
TRUE,0,0,0,3.3086,0,0,0,0,0,0,0,0,0,3.3086,0,0,0,0,0,0,0,3.3086,0,0
TRUE,0,0,2.6142,9.7139,0,0,0,0,0,0,0,0,0,0,0,0,0,0,0,0,0,0,0,0
,1,0,1,1,2,0,0,0,0,1,1,1,0,1,0,1,0,0,0,0,0,0,1,0
TRUE,1,0,0,0,1,0,0,0,0,0,1,0,0,0,0,0,1,0,0,0,0,1,0,0
,1,0,2,0,0,0,0,0,2,0,0,1,0,2,0,0,0,0,0,0,0,0,1,0
,0,0,2,0,0,0,1,0,2,0,0,2,0,2,0,0,0,0,0,0,0,0,1,0
,0,0,1,0,0,0,2,0,2,0,0,2,0,3,0,0,0,0,0,0,0,0,1,0
TRUE,0,0,1,2,0,0,2,0,0,0,0,0,0,2.9932,0,0,0,0,0,0,0,0,0,0
,1,0,1,2,0,0,0,0,2,0,0,2,2,3,0,0,0,0,0,0,0,0,0,0
,0,0,0,3,0,0,3,0,0,0,0,0,1,3,0,0,0,0,0,0,0,0,0,0
TRUE,0,0,1.9844,1.9844,0,0,0,0,0,0,0,0.98443,0,2.9844,0,0,0,0,0,0,0,0,0,0
,0,0,3,3,0,0,0,0,2,0,0,0,1,2,0,0,0,0,0,0,0,0,0,0
,0,0,3,5,0,0,0,0,0,0,0,0,0,1,0,0,0,0,0,0,0,1,0,0
TRUE,0,0,2.14,0,0,0,0,0,0,0,0,0,0,3.8533,0,0,0,0,0,0,0,0,0,0
,0,0,0,0,0,2,1,0,0,0,0,0,0,0,0,0,0,0,0,0,0,0,0,0
TRUE,0,0,0,0,0,0,0,0,0,0,0,1.399,0,0,0,0,0,0,0,0,0,0,0,0
TRUE,0,0,0,0,0,0,0,0,0,0,0,0,1.1835,0,0,0,0,0,0,0,0,0,0,0
,0,0,1,1,1,0,0,0,0,0,1,1,0,1,0,1,0,0,0,0,0,0,0,0
,0,0,1,1,1,0,0,0,0,0,0,0,0,0,0,0,0,0,0,0,0,0,1,0
TRUE,0,0,1,0,1,0,0,0,0,0,1,0,0,0,0,0,1,0,0,1,0,1,1,0
,0,0,1,2,0,0,2,0,0,0,0,1,1,0,0,0,0,0,0,0,0,0,1,0
,0,0,0,0,0,0,0,0,0,0,0,0,0,0,0,0,0,0,0,1,0,0,0,0
,0,0,2,1,0,0,0,0,0,0,0,1,1,1,0,0,1,0,0,0,0,2,0,0
TRUE,0,0,2.9758,1.9758,0,0,0,0,0,0,0,0,0,0,0,0,0,0,0,0,0,0,0,0
,2,0,0,2,0,0,0,0,0,0,0,0,0,0,0,0,0,0,0,0,0,0,0,0
,0,0,5,2,0,0,2,0,0,0,0,0,0,1,0,0,0,0,0,0,0,0,0,0
,0,0,1,0,0,0,0,0,0,0,0,2,1,2,0,0,0,0,0,0,0,1,0,0
TRUE,0,0,2.7172,2.7172,0,0,0,0,0,0,0,0,0,1.8115,0,0,0,0,0,0,0,0,0,0
,0,0,3,1,0,0,2,0,0,0,0,0,0,3,0,0,0,0,0,0,0,0,0,0
TRUE,0,0,1.9959,3.899,0,0,0,0,0,0,0,0,0,1,0,0,0,0,0,0,0,0,0,0
TRUE,0,0,0,0,0,0,0,0,0,0,0,0,0,0,0,0,0,0,0,1,0,0,1,0
TRUE,0,0,0,0,0,0,0,0,0,0,0,0,0,1.7388,0,0,0,0,0,0,0,0,0,0
TRUE,0,0,0,0,0,0,0,0,7.9855,0,0,0,3.9927,0,0,0,0,0,0,0,0,0,0,0
TRUE,0,0,0,0,0,0,0,0,0,0,0,0,0,1.1334,0,0,0,0,0,0,0,0,0,0
,0,0,1,1,1,0,0,0,0,1,1,1,0,1,0,0,1,0,0,1,0,1,0,0
,0,2,0,0,2,0,0,0,0,0,0,0,0,0,1,1,0,1,1,1,1,0,1,0
,1,0,2,2,1,0,0,0,0,0,0,1,1,1,0,0,0,0,0,0,0,0,0,0
,0,0,0,1,1,0,0,0,0,0,0,3,0,0,0,1,0,0,0,0,0,0,0,0
,1,2,0,0,2,0,0,0,0,2,0,0,0,0,1,0,0,1,0,0,0,0,0,1
,0,0,0,1,0,0,3,2,0,0,0,0,0,0,0,0,1,0,0,0,0,0,2,0
,0,0,3,0,0,0,0,0,0,1,0,0,1,0,0,0,0,0,0,0,0,0,1,1
,0,0,0,0,0,0,1,0,0,0,0,0,0,0,0,0,0,0,0,0,0,0,0,0
,1,0,2,0,0,0,1,0,0,0,0,0,0,2,0,0,0,0,0,0,0,0,1,0
,0,0,0,0,0,0,2,3,0,0,0,0,0,0,0,0,0,0,0,0,1,0,0,0
TRUE,0.96697,0,0,0,0,0,0,0,0,0,0,0,0,0,0,0,0,0,0,0,0,0,1,0
TRUE,0,0,0,1,0,0,1.4902,0,0,0,0,1,0,1,0,0,0,0,0,0,0,0,0,0
,0,0,1,2,0,0,0,0,0,0,0,1,0,3,0,0,0,0,0,0,0,0,0,0
TRUE,0,0,0,0,0,0,0,0,0,1,0,0,0,0,0,0,0,0,0,0,0,0,0,0
TRUE,0,0,0,0,0,0,1,0,0,0,0,0,0,0,0,0,0,0,0,0,0,0,0,0
,1,0,1,1,1,0,0,0,0,0,0,1,1,1,0,0,0,0,0,1,0,0,0,0
,0,1,0,0,0,0,0,0,0,1,0,0,0,0,0,1,0,0,0,0,0,1,1,0
,0,0,0,0,0,0,0,0,0,0,0,2,1,0,1,0,0,0,0,0,0,2,1,0
TRUE,0,0,1.9471,1,0,0,1.9471,0,0,0,0,0,1,2,0,0,0,0,0,0,0,0,1,0
,0,0,0,0,0,0,0,0,0,0,0,2,2,1,0,0,1,0,0,0,0,0,0,0
TRUE,0,0,1,0,0,0,0,0,1,0,0,2,1,2,0,0,0,0,0,0,0,0,0,0
,0,0,2,0,0,0,0,0,0,0,0,2,2,2,0,0,0,0,0,0,0,0,0,0
TRUE,0,0,1.6352,1,0,0,0,0,0,0,0,1.6995,1,2.3347,0,0,0,0,0,0,0,0,0,0
TRUE,0,0,0,0,2,0,0,0,0,0,0,0,0,0,0,0,0,0,0,0,0,0,0,0
,0,0,1,0,0,0,0,0,0,0,0,1,0,0,0,0,0,0,0,0,0,0,0,0
,0,0,0,4,0,0,0,0,0,0,0,0,0,2,0,0,0,0,0,0,0,0,0,0
,1,0,0,3,0,0,0,0,0,0,0,0,0,1,0,0,0,0,0,0,0,0,0,0
TRUE,0,0,0,0,0,0,0,0,0,0,0,0,1.654,0,0,0,0,0,0,0,0,0,0,0
,0,0,0,0,2,0,0,0,0,1,1,0,0,0,1,0,1,0,0,0,1,0,1,1
TRUE,0,0,1,0,1,0,0,0,0,1,0,1,0,0,0,0,0,0,0,0,0,0,1,0
TRUE,0,0,0,0,0,0,0,0,0,1,0,0,0,0,0,0,0,0,1,0,0,0,0,0
,0,0,1,1,1,0,0,0,0,0,0,0,0,1,0,0,0,0,0,0,0,0,1,0
,0,0,0,3,0,0,0,0,0,0,0,2,1,1,0,0,0,0,0,0,0,0,0,0
,0,0,1,1,0,0,0,0,0,0,0,2,0,2,0,0,0,0,0,0,0,0,0,0
,1,0,0,2,0,0,0,0,1,0,0,1,0,0,0,0,0,0,0,0,0,0,1,0
,0,0,2,1,0,0,0,0,0,0,0,1,1,1,0,0,0,0,0,0,0,0,0,0
TRUE,0,0,0,0,0,0,1.923,0,0,0,0,0,0,0,0,0,0,0,0,0,0,0,0,0
,0,0,1,1,0,0,4,0,0,0,0,1,1,1,0,0,0,0,0,0,0,0,0,0
TRUE,0,0,1,0,0,0,0,0,2,0,0,1,0,2.93,0,0,0,0,0,0,0,0,0,0
,0,0,1,0,0,0,0,0,0,0,0,0,1,2,0,0,0,0,0,0,0,0,0,0
,0,0,0,1,0,0,0,0,2,0,0,2,0,2,0,0,0,0,0,0,0,0,0,0
TRUE,2,0,1,1,0,0,2.4458,1,0,0,0,0,0,0,0,0,0,0,0,0,0,0,0,0
,0,0,2,2,0,0,0,0,0,0,0,0,0,2,0,0,0,0,0,0,0,2,0,0
,0,0,1,2,0,0,0,0,0,0,0,2,0,4,0,0,0,0,0,0,0,0,0,0
,0,0,0,2,0,0,0,0,0,0,0,1,0,2,0,0,0,0,0,0,0,0,0,0
TRUE,0,0,1.9101,0.95503,0,0,0,0,0,0,0,0,0,2.8651,0,0,0,0,0,0,0,0,0,0
,0,0,3,2,0,0,0,0,0,0,0,1,0,3,0,0,0,0,0,0,0,0,0,0
TRUE,0,0,0,1,0,0,0,0,0,0,0,1,0,0,0,0,0,0,0,0,0,0,0,0
TRUE,0,0,0,0,0,0,0,0,0,0,0,1.3333,0,0,1,0,1,0,0,0,0,0,0,0
TRUE,0,0,1,0,0,0,0,0,0,0,0,0,0,0,0,0,0,0,0,0,0,0,0,0
,0,0,4,3,0,0,0,0,0,0,0,0,0,2,0,0,0,0,0,0,0,0,0,0
,0,0,0,0,0,0,0,0,0,0,0,1,0,1,0,0,0,0,0,0,0,0,0,0
TRUE,0,0,0,2.691,0,0,0,0,0,0,0,3.534,0,0,0,0,0,0,0,0,0,0,0,0
TRUE,0,0,0,0,0,0,1.8647,0,0,0,0,0,0,0,0,0,1,0,0,0,0,0,0,0
TRUE,0,0,1,1,0,0,0,0,0,0,0,0,0,0,0,0,0,0,0,0,0,0,0,0
TRUE,0,0,0,3.9441,0,0,0,0,0,0,0,0,0,2.963,0,0,0,0,0,0,0,0,0,0
,0,0,0,9,0,0,0,0,0,0,0,0,0,0,0,0,0,0,0,0,0,0,0,0
,0,0,1,1,0,0,0,0,0,0,0,1,1,0,1,0,0,0,0,0,0,1,1,1
,1,0,1,1,0,0,0,1,0,0,0,0,0,1,0,0,1,0,0,0,0,0,0,0
TRUE,1,0,1,1,0,0,1.9992,0,0,0,0,0,0,0,0,0,0,0,0,0,0,0,0,0
TRUE,0,0,1,1,0,0,0,0,0,0,0,0,1,1,0,0,0,0,0,0,0,1,1,0
TRUE,0,0,0,0,0,0,0,0,0,0,0,0,0,0,2,0,0,0,0,0,0,0,0,0
TRUE,1,0,2,0,0,0,0,0,0,0,0,1,0,0,0,0,0,0,0,0,0,0,0,0
TRUE,1,0,1,0,0,0,0,0,0,0,0,1,0,0,0,0,2,0,0,0,0,0,0,0
,0,0,0,2,0,0,0,0,0,0,0,0,0,1,0,0,0,0,0,0,0,0,0,0
,0,0,1,0,0,0,0,0,2,0,0,1,0,0,0,0,0,0,0,0,0,0,0,0
,0,0,1,3,0,0,0,0,0,0,0,1,0,2,0,0,0,0,0,0,0,0,0,0
TRUE,0,0,0,0,2,0,0,0,0,0,0,1,0,0,0,0,0,0,0,0,0,0,0,0
,0,0,0,0,2,0,0,0,0,4,0,0,0,0,0,0,0,0,0,0,0,0,0,0
TRUE,0,0,1,0,0,0,0,0,0,1,0,0,0,0,1,0,0,0,0,0,0,0,0,0
TRUE,0,0,0,0,0,0,0,0,1,0,0,0,0,0,0,0,0,0,0,0,0,0,0,0
TRUE,1,0,0,0,0,0,0,0,0,0,1,0,0,0,0,0,0,0,0,0,0,0,0,0
TRUE,0,0,0,2.763,0,0,0,0,0,0,0,0,0,0.88152,0,0,0,0,0,0,0,0,0,0
TRUE,0,0,0,0,0,0,0,0,0,0,0,1,0,1.9719,0,0,0,0,0,0,0,0,0,0
,0,0,0,0,0,0,0,0,0,0,0,0,0,3,0,0,3,0,0,0,0,2,0,0
TRUE,0,0,1,0,0,0,0,0,0,0,0,0,1,1,0,0,0,0,0,0,0,0,0,0
TRUE,0,0,0,0,0,0,0,0,0,0,0,0,0,0,0,0,0,0,0,0,0,1.3555,0,0
TRUE,1,0,0,0,0,0,0,0,0,0,0,0,0,1,0,0,0,0,0,0,0,0,0,0
TRUE,0,0,0,0,0,0,0,0,0,0,0,0,1,0,0,0,0,0,0,0,0,0,0,0
TRUE,0,0,0,0,0,0,0,0,0,0,0,0,0,0,1,0,0,0,0,0,0,0,0,0
,0,8,0,0,0,0,0,0,0,0,0,0,0,0,0,0,0,0,0,0,0,0,0,0
TRUE,0,0,0,6.9241,0,0,0,0,0,0,0,0,0,0,0,0,0,0,0,0,0,0,0,0
,0,0,0,0,1,0,0,0,0,0,0,0,0,1,0,0,0,0,0,1,0,1,1,0
,1,0,1,0,0,0,0,0,0,0,0,1,0,0,0,0,0,0,0,0,0,0,1,0
,0,0,0,0,1,1,0,0,0,1,0,2,0,0,0,0,0,1,0,0,0,0,0,0
,0,0,0,0,0,0,0,0,0,2,0,0,0,0,0,0,0,0,0,0,1,0,0,1
,0,0,2,0,0,0,0,0,0,0,0,1,0,2,0,0,0,0,0,0,0,0,0,0
,0,0,2,1,0,0,0,0,0,0,0,1,1,1,0,0,0,0,0,0,0,0,0,0
,0,0,0,0,0,0,0,0,0,0,0,0,0,0,0,0,0,0,2,0,0,0,0,0
TRUE,0,1,0,0,0,0,0,0,0,0,0,0,0,0,0,0,2,0,0,0,0,0,0,1
,0,0,1,0,0,0,0,0,0,0,0,0,0,1,0,0,0,0,0,0,0,0,0,0
TRUE,0,0,0,1,0,0,0,0,0,0,0,0,1.8832,1.9794,0,0,0,0,0,0,0,0,0,0
,0,0,2,0,0,0,0,0,0,0,0,0,0,0,0,0,0,0,0,0,0,0,0,0
,0,0,3,0,0,0,0,0,0,0,0,0,0,1,0,0,0,0,0,0,0,0,0,0
TRUE,0,0,1.9963,0,0,0,0,0,1.9963,0,0,1,0,0,0,0,0,0,0,0,0,0,0,0
,2,0,0,0,0,0,0,0,0,0,0,0,0,0,0,0,0,0,0,0,0,0,0,0
,0,1,0,0,2,0,0,0,0,1,0,0,0,0,0,0,0,0,0,0,0,0,0,0
,0,0,0,2,0,0,0,0,0,0,0,0,0,2,0,0,0,0,0,0,0,0,0,0
,0,0,1,1,0,0,0,0,0,0,0,0,0,1,0,0,0,0,0,0,0,0,0,0
TRUE,0,0,3,1,0,0,0,0,0,0,0,0,0,0,0,0,0,0,0,0,0,0,0,0
TRUE,0,0,0,0,0,0,0,0,0,0,0,0,1,1.8688,0,0,0,0,0,0,0,0,0,0
,0,0,2,0,0,0,0,0,0,0,0,1,0,1,0,0,0,0,0,0,0,0,0,0
,0,0,2,2,0,0,0,0,0,0,0,1,0,2,0,0,0,0,0,0,0,0,0,0
,0,0,1,1,0,0,0,0,0,0,0,0,0,2,0,0,0,0,0,0,0,0,0,0
TRUE,1,3.8866,0,0,0,0,0,0,0,0,1,0,0,0,0,0,0,0,0,2,0,0,0,0
,0,0,2,1,0,0,0,0,0,0,0,1,0,3,0,0,0,0,0,0,0,0,0,0
,0,0,0,0,0,0,0,0,0,0,0,1,5,1,0,0,0,0,0,0,0,0,0,0
TRUE,0,0,1.964,2.964,0,0,0.96398,0,0,0,0,0,0,0,0,0,0,0,0,0,0,0,0,0
TRUE,0,0,2.9723,2.9916,0,0,0,0,0,0,0,0,0,0,0,0,0,0,0,0,0,0,0,0
,0,0,1,0,0,0,0,0,0,0,0,1,0,4,0,0,0,0,0,0,0,0,0,0
,0,0,0,0,0,0,0,0,0,0,0,0,0,3,0,0,0,0,0,0,0,0,0,0
,0,0,0,0,0,0,0,0,3,0,0,0,0,0,0,0,0,0,3,0,0,2,0,0
TRUE,0,0,2.9763,0,0,0,0,0,0,0,0,0,0,1.9847,0,0,0,0,0,0,0,0,0,0
,0,0,2,0,0,0,0,0,0,0,0,0,0,4,0,0,0,0,0,0,0,0,0,0
,0,0,0,0,0,0,0,0,0,0,0,0,0,3,0,0,0,0,0,0,0,0,0,0
TRUE,0,0,0,3.2797,0,0,0,0,0,0,0,0,0,0,0,0,0,0,0,0,0,0,0,0
,0,0,2,2,0,0,0,0,0,0,0,0,0,0,0,0,0,0,0,0,0,0,0,0
TRUE,0,0,0,0,0,0,0,0,0,1,0,0,0,0,0,0,0,0,0,0,0,0,0,0
TRUE,0,0,0,0,0,0,0,0,0,0,0,0,0,0,1,0,0,0,0,0,0,0,0,0
,0,0,0,5,0,0,0,0,0,0,0,0,0,0,0,0,0,0,0,0,0,0,0,0
TRUE,0,0,0,0,0,0,0,0,0,1.3579,0,0,0,0,0,0,0,0,0,0,0,0,0,0
TRUE,0,0,0,0,0,0,0,0,0,2,0,0,0,0,0,0,0,0,0,0,0,0,0,0
,1,1,1,0,0,0,0,0,0,0,0,0,0,0,1,1,0,0,0,0,0,0,1,0
,0,0,0,0,2,0,0,0,0,0,1,0,0,0,0,0,0,0,0,0,0,0,0,0
,0,0,0,1,0,0,0,0,0,0,0,0,0,0,0,0,0,0,0,1,0,1,0,0
,0,0,0,1,0,0,0,0,0,0,0,0,1,0,0,1,0,0,0,0,0,0,1,0
TRUE,0,0,0,1,0,0,0,0,0,0,0,0,1,0,0,0,0,0,0,0,0,0,0,0
,0,0,0,0,1,0,0,0,0,1,0,0,0,0,0,0,0,0,0,0,0,0,0,0
,0,0,1,2,0,0,0,0,0,0,0,0,1,1,0,0,0,0,0,0,0,0,0,0
,1,0,1,0,0,0,0,0,0,0,0,0,1,0,0,0,0,0,0,0,0,0,0,0
TRUE,1,0,1.9645,1,0,0,0,0,0,0,0,0,0,1,0,0,0,0,0,0,0,0,1,0
TRUE,0,0,0,1,0,0,0,0,0,0,0,0,1,0,0,0,2,0,0,0,0,0,1,0
,0,0,0,0,0,1,0,0,0,1,0,0,0,0,0,0,0,0,0,0,0,0,1,0
,0,0,1,1,0,0,0,0,0,0,0,1,0,1,0,0,0,0,0,0,0,0,0,0
,0,0,0,0,0,0,0,0,0,0,0,0,0,0,0,0,0,0,0,0,0,0,0,2
,0,0,0,0,0,1,0,0,0,1,0,2,0,0,0,0,0,0,0,0,0,0,2,0
,0,0,0,1,1,0,0,0,0,0,0,0,0,0,0,0,0,0,0,0,0,0,1,0
TRUE,0,0,1.9381,0,0,0,0,0,0,0,0,0,0,1.9381,0,0,0,0,0,0,0,0,0,0
TRUE,0,0,0,1.9679,0,0,0,0,0,0,0,0,0,0,0,0,0,0,0,0,0,0,0,0
,0,0,0,2,0,0,2,0,0,0,0,0,0,0,0,0,0,0,0,0,0,0,0,0
,0,0,1,2,0,0,0,0,0,0,0,1,0,2,0,0,0,0,0,0,0,0,0,0
TRUE,0,0,0,0,0,0,0,0,0,0,0,0,0,1.9725,0,0,0,0,0,0,0,0,0,0
TRUE,0,0,1,0,0,0,0,0,0,0,0,0,0,2.9302,0,0,0,0,0,0,0,0,0,0
,0,0,1,1,0,0,0,0,0,0,0,0,0,0,0,0,0,0,0,0,0,0,0,0
,0,0,0,0,0,0,0,0,0,3,0,0,0,0,0,0,0,0,0,0,0,0,0,0
,0,0,1,1,0,0,3,0,0,0,0,0,0,0,0,0,0,0,0,0,0,0,0,0
,0,0,1,1,0,0,0,0,0,0,0,0,0,0,0,0,0,0,0,0,0,1,0,0
,0,0,1,2,0,0,0,0,0,0,0,0,0,1,0,0,0,0,0,0,0,0,0,0
TRUE,0,0,0,0,0,1.5003,0,2.0006,0,0,0,0,0,0,0,0,0,0,0,0,0,0,1,0
TRUE,0,0,0,0,0,0,0,0,0,0,0,1,0,0,0,0,0,0,0,0,0,0,0,0
TRUE,0,0,0,0,0,0,0,0,0,0,1,0,1,0,0,0,0,0,0,0,0,1,0,0
TRUE,0,0,0,0,0,0,0,0,0,0,0,0,1,0,1,0,0,0,0,0,0,0,0,0
TRUE,0,0,1,3.9498,0,0,0,0,0,0,0,0,0,0,0,0,0,0,0,0,0,1.9498,0,0
TRUE,0,0,1,2,0,0,0,0,0,0,0,0,0,0,0,0,0,0,0,0,0,0,0,0
TRUE,0,0,0,3.5338,0,0,0,0,0,0,0,0,0,0,0,0,0,0,0,0,0,0,0,0
TRUE,0,0,0,0,0,0,0,0,0,0,0,0,0,0,0,0,1.4997,0,0,0,0,0,0,0
TRUE,1,0,0,0,1,0,0,0,0,0,0,0,0,0,0,0,0,0,0,0,0,0,0,0
TRUE,0,0,1,0,0,0,0,0,0,0,0,0,0,0,0,0,0,0,0,0,0,0,0,0
TRUE,0,0,0,1,0,0,0,0,0,0,0,1.4739,0,0,0,0,0,0,0,0,0,0,0,0
,0,0,0,6,0,0,0,0,0,0,0,0,0,0,0,0,0,0,0,0,0,1,0,0
,0,0,0,0,0,0,4,2,0,0,0,0,0,0,0,0,0,0,0,0,0,0,0,0
TRUE,0,0,0,0,0,0,0,0,0,0,0,0,0,0,0,1,0,0,0,0,0,0,0,0
TRUE,0,0,0,0,0,0,0,0,0,0,0,0,1,0,0,0,0,0,0,0,0,0,0,0
,0,0,0,3,0,0,0,0,0,0,0,0,0,0,0,0,0,0,0,0,0,0,0,0
TRUE,0,0,0,0,0,0,0,0,0,0,0,0,0,0,0,0,1,0,0,0,0,0,0,0
,1,0,1,1,0,0,0,0,0,0,0,0,0,0,0,0,0,0,0,0,0,0,0,0
,0,0,0,0,0,1,0,0,0,0,1,1,1,0,0,0,0,0,0,0,0,0,0,0
,0,0,0,0,0,0,0,0,0,0,0,1,0,1,0,0,0,0,0,0,0,0,0,0
,0,0,1,1,0,0,0,0,0,0,0,0,1,0,0,0,0,0,0,0,0,0,1,2
TRUE,1,0,0,0,0,0,0,0,0,0,0,0,0,0,0,0,0,0,0,0,0,0,0,0
TRUE,0,0,1,0,0,0,1,0,0,0,0,1,0,1,0,0,0,0,0,0,0,0,0,0
,0,0,1,1,1,0,0,0,0,0,0,0,1,2,0,0,0,0,0,0,0,0,0,0
TRUE,0,0,0,0,0,0,0,0,0,1,0,1.2875,1,0,0,0,0,0,0,0,0,1,1,0
,0,0,1,1,0,0,0,0,0,0,0,1,1,2,0,0,0,0,0,0,0,0,0,0
TRUE,0,0,0,0,0,0,0,0,0,1,0,0,0,0,1,0,0,0,0,0,0,0,0,0
,2,0,0,0,0,0,0,0,0,0,0,0,0,0,0,0,0,0,0,1,0,0,0,0
TRUE,1,0,0,0,0,0,0,0,0,0,0,0,0,0,0,0,0,0,0,0,0,0,0,0
,0,0,0,0,0,0,0,0,0,0,0,1,0,0,0,1,0,0,0,0,0,0,0,0
,0,0,1,0,0,0,0,0,0,0,0,0,0,1,0,0,0,0,0,0,0,0,0,0
TRUE,0,0,0,0,0,0,0,0,0,0,0,0,0,0,0,0,1.6633,0,0,0,0,0,1,0
,0,0,2,1,0,0,0,0,0,0,0,1,0,1,0,0,0,0,0,0,0,0,0,0
,0,0,0,1,0,0,0,0,0,0,0,2,0,2,0,0,0,0,0,0,0,0,0,0
,0,0,2,2,0,0,0,0,0,0,0,0,0,1,0,0,0,0,0,0,0,0,0,0
TRUE,0,0,0,0,0,0,0,0,0,1,0,0,0,1,0,1,0,0,0,0,0,0,0,0
,0,0,0,2,0,0,0,0,0,0,0,0,0,1,0,0,0,0,0,0,0,0,0,0
,0,0,2,0,0,0,2,0,0,0,0,0,0,1,0,0,0,0,0,0,0,0,0,0
,0,0,0,2,0,0,0,0,0,0,0,1,0,1,0,0,0,0,0,0,0,0,0,0
TRUE,0,0,0,1,0,0,0,0,0,0,0,1.3819,0,0,0,0,0,0,0,0,0,0,0,0
TRUE,0,0,0,1,0,0,0,0,0,0,0,0,0,1,0,0,0,0,0,0,0,0,0,0
,0,0,1,0,0,0,0,0,0,0,0,0,0,2,0,0,0,0,0,0,0,0,0,0
,0,0,2,2,0,0,0,0,0,0,0,0,0,1,0,0,0,0,0,0,0,0,0,0
,0,0,2,2,0,0,0,0,0,0,0,0,0,0,0,0,0,0,0,0,0,0,0,0
TRUE,0,0,1.9866,1,0,0,0,0,0,0,0,0,0,0,0,0,0,0,0,0,0,0,0,0
TRUE,0,0,1,0,0,0,0,0,0,0,0,0,0,0,0,0,0,0,0,0,0,0,0,0
TRUE,0,0,0,0,0,0,0,0,0,0,0,0,0,0,0,0,0,0,0,1,0,0,0,0
TRUE,0,0,0,0,0,1.1439,0,0,0,0,0,0,0,0,0,0,1,0,0,0,0,0,0,0
,0,0,3,2,0,0,0,0,0,0,0,0,0,1,0,0,0,0,0,0,0,0,0,0
,0,0,1,0,0,0,0,0,0,0,0,2,0,2,0,0,0,0,0,0,0,0,0,0
TRUE,0,0,0,1,0,0,0,0,0,0,0,0,0,3,0,0,0,0,0,0,0,0,0,0
TRUE,0,0,2.8379,1.919,0,0,0,0,0,0,0,0,0,0,0,0,0,0,0,0,0,0,0,0
TRUE,0,0,1,0,0,0,0,0,0,0,0,0,0,1.3961,0,0,0,0,0,0,0,0,0,0
,0,0,0,0,0,0,0,0,0,0,0,2,0,3,0,0,0,0,0,0,0,0,0,0
,0,0,0,4,0,0,0,0,0,0,0,0,0,0,0,0,0,0,0,0,0,0,0,0
,0,0,0,5,0,0,0,0,0,0,0,0,0,0,0,0,0,0,0,0,0,1,0,0
TRUE,0,0,2.4958,0,0,0,0,0,0,0,0,0,0,0,0,0,0,0,0,0,0,0,0,0
TRUE,0,0,0,0,0,0,0,0,0,1,0,0,0,0,0,0,0,0,0,0,0,0,0,0
TRUE,0,0,0,0,1,0,0,0,0,0,0,0,0,0,0,0,0,0,0,0,0,0,0,0
TRUE,0,0,0,0,0,0,0,1,0,0,0,0,0,0,0,0,0,0,0,0,0,0,0,0
TRUE,0,0,0,0,0,0,0,0,0,0,0,0,0,0,0,0,0,0,0,0,0,0,0,1
,0,0,1,0,0,0,0,0,0,0,0,1,0,0,0,1,0,0,0,0,0,1,1,0
,0,0,1,1,0,0,0,0,0,0,0,1,1,1,0,0,0,0,0,0,0,0,0,0
,0,0,1,0,0,0,0,0,0,0,0,0,0,0,0,0,0,0,0,0,0,1,0,0
TRUE,0,0,1,0,0,0,0,0,0,0,0,0,0,0.99709,0,0,0,0,0,0,0,0,0,0
,0,0,0,0,0,0,0,0,0,0,0,2,1,1,0,0,0,0,0,0,0,0,0,0
,0,0,1,1,0,0,0,0,0,0,0,0,0,0,0,0,0,0,0,0,0,0,0,0
,0,0,1,0,0,0,0,0,0,0,0,0,0,2,0,0,0,0,0,0,0,0,0,0
,1,0,0,0,0,0,0,0,0,0,1,0,1,0,0,0,0,0,0,0,0,0,0,0
TRUE,0,0,0,0,0,0,0,0,0,1,0,0,0,0,0,0,0,0,0,0,0,0,0,0
,0,0,1,0,0,0,0,0,0,0,0,1,0,0,0,0,0,0,0,0,0,0,0,0
,0,0,0,1,0,0,0,0,0,0,0,1,1,1,0,0,0,0,0,0,0,0,0,0
,0,0,1,0,0,0,2,0,0,0,0,0,0,1,0,0,0,0,0,0,0,0,0,0
,0,0,0,0,0,0,0,0,0,0,0,2,0,0,0,0,0,0,0,0,0,0,1,0
,0,0,1,0,0,0,2,0,0,0,0,0,0,1,0,0,0,0,0,0,0,0,0,0
,0,0,0,0,0,0,2,0,0,0,0,0,0,0,0,0,1,0,0,0,0,0,0,0
,0,0,1,1,0,0,0,0,0,0,0,1,0,0,0,0,0,0,0,0,0,0,0,0
,0,0,0,0,0,0,0,0,0,0,0,0,1,0,0,0,1,0,0,0,0,1,0,0
TRUE,0,0,0,1,0,0,0,0,0,0,0,0,0,1,0,0,0,0,0,0,0,0,0,0
,0,0,0,0,0,0,0,0,0,0,0,1,0,0,0,0,0,0,0,0,0,0,0,0
TRUE,0,0,0,0,0,0,0,0,0,0,0,0,0,0,0,0,1.8941,0,0,0,0,0,0,0
,0,0,0,0,0,0,0,0,0,0,0,0,0,0,0,1,0,0,0,0,0,0,0,0
,0,0,0,0,0,0,0,0,0,1,0,0,0,0,0,0,0,0,0,0,0,0,0,0
TRUE,0,0,0,0,0,0,0,0,0,0,0,0,0,1,0,0,0,0,0,0,0,0,0,0
,0,0,0,0,1,0,0,0,0,0,0,0,0,0,0,0,0,0,0,0,0,0,0,0
,0,0,1,2,0,0,0,0,0,0,0,1,0,0,0,0,0,0,0,0,0,0,0,0
,0,0,0,0,0,1,0,0,0,0,0,0,0,0,0,0,0,0,0,0,0,0,0,0
,0,0,1,3,0,0,0,0,0,0,0,0,0,1,0,0,0,0,0,0,0,0,0,0
,0,1,0,2,0,0,0,0,0,0,0,0,0,0,0,0,0,0,0,0,0,0,0,0
,0,0,1,0,0,0,0,0,0,0,0,0,0,1,0,0,0,0,0,0,0,0,0,0
,0,0,0,1,0,0,0,0,0,0,0,0,0,1,0,0,0,0,0,0,0,0,0,0
,0,0,1,3,0,0,0,0,0,0,0,0,0,0,0,0,0,0,0,0,0,0,0,0
TRUE,0,0,3,1,0,0,0,0,0,0,0,0,0,0,0,0,0,0,0,0,0,0,0,0
,0,0,0,2,0,0,0,0,0,0,0,1,0,0,0,0,0,0,0,0,0,0,0,0
,0,0,0,0,0,0,0,0,0,0,0,0,0,2,0,0,0,0,0,0,0,0,0,0
,0,0,0,1,0,0,0,0,0,0,0,0,0,3,0,0,0,0,0,0,0,0,0,0
,0,0,0,0,0,0,0,0,0,0,0,0,0,0,0,0,1,0,0,0,0,1,0,0
,0,0,0,0,0,0,0,0,2,0,0,0,0,0,0,0,0,0,2,0,0,0,0,0
,0,0,2,0,0,0,0,0,0,0,0,0,0,1,0,0,0,0,0,0,0,0,0,0
,0,0,0,1,0,0,0,0,0,0,0,0,1,0,0,0,0,0,0,0,0,0,0,0
TRUE,0,1,0,0,0,0,0,0,0,0,0,0,0,0,0,0,0,0,0,0,0,0,0,0
,0,0,0,0,0,0,0,0,0,0,0,0,0,1,0,0,0,0,0,0,0,0,0,0
TRUE,0,0,0,0,1,0,0,0,0,0,0,0,0,0,0,0,0,0,0,0,0,0,0,0
,0,0,0,0,0,0,0,0,0,0,0,0,0,0,0,0,0,0,0,0,1,0,0,0
TRUE,0,0,0,0,2,0,0,0,0,0,0,0,0,0,0,0,0,0,0,0,0,0,0,0
TRUE,0,0,0,1,0,0,0,0,0,0,0,0,0,0,0,0,0,0,0,0,0,0,0,0
TRUE,0,0,0,0,0,0,1.3379,0,0,0,0,0,0,0,0,0,1,0,0,0,0,0,0,0
TRUE,0,0,1,0,0,0,0,0,0,0,0,0,0,0,0,0,0,0,0,0,0,0,0,0
TRUE,0,0,0,2.9627,0,0,0,0,0,0,0,0,0,0,0,0,0,0,0,0,0,1.9865,0,0
,0,0,0,0,0,0,0,0,0,0,0,1,2,0,0,0,0,0,0,0,0,0,0,0
TRUE,0,0,1,0,0,0,0,0,0,0,0,0,0,0,0,0,0,0,0,0,0,0,0,0
TRUE,0,0,0,1.5309,0,0,0,0,0,0,0,0,0,0,0,0,0,0,0,0,0,0,0,0
TRUE,0,0,0,0,0,0,0,0,0,0,0,0,1.5311,0,0,0,0,0,0,0,0,0,0,0
TRUE,0,0,0,3,0,0,0,0,0,0,0,0,0,0,0,0,0,0,0,0,0,0,0,0
TRUE,0,0,0,0,0,0,0,0,0,0,0,0,1,0,0,0,0,0,0,0,0,0,0,0
TRUE,0,0,0,2,0,0,0,0,0,0,0,0,0,0,0,0,0,0,0,0,0,0,0,0
TRUE,0,0,0,2.9328,0,0,0,0,0,0,0,0,0,0,0,0,0,0,0,0,0,0,0,0
,0,0,5,0,0,0,0,0,0,0,0,0,0,0,0,0,0,0,0,0,0,0,0,0
,1,0,0,0,1,0,0,0,0,0,0,0,0,0,1,0,0,0,0,0,0,0,1,0
,0,0,0,0,0,0,0,0,0,1,0,0,0,0,0,0,1,0,0,0,0,1,0,0
,0,0,0,1,0,0,0,0,0,0,0,0,0,0,0,0,0,0,0,0,0,0,0,0
,0,0,1,0,1,0,0,0,0,0,0,0,0,0,0,0,0,0,0,0,0,1,1,0
,0,0,1,1,0,0,0,0,0,0,0,1,0,1,0,0,0,0,0,0,0,0,0,0
,0,0,1,1,0,0,0,0,0,0,0,1,0,0,0,0,0,0,0,0,0,0,0,0
,0,0,1,1,0,0,0,0,0,0,0,0,0,1,0,0,0,0,0,0,0,0,0,0
,0,0,1,0,0,0,0,0,0,0,0,1,0,1,0,0,0,0,0,0,0,0,0,0
,0,0,0,0,0,0,0,0,0,0,0,0,0,0,0,0,1,0,0,0,0,0,0,0
,0,0,0,1,0,0,0,0,0,0,0,0,0,1,0,0,0,0,0,0,0,0,0,0
,0,0,1,1,0,0,0,0,0,0,0,1,0,0,0,0,0,0,0,0,0,0,0,0
TRUE,0,0,0,0,1,0,0,0,0,0,0,0,0,0,0,0,1,1,0,0,0,0,0,0
TRUE,0,0,0,0,0,0,0,0,0,0,0,1,0,1,0,0,0,0,0,0,0,0,0,0
,0,0,0,1,0,0,0,0,0,0,0,0,0,0,0,0,0,0,0,0,0,0,0,0
,0,0,0,0,0,0,0,0,0,0,0,1,0,0,0,0,0,0,0,0,0,1,0,0
,0,0,0,0,0,0,0,0,0,0,0,0,0,0,0,0,1,0,0,0,0,1,0,0
,0,0,0,0,0,0,0,0,0,0,0,0,0,1,0,0,0,0,0,0,0,0,0,0
,0,0,0,0,0,0,0,0,0,0,1,0,1,0,0,0,0,0,0,0,0,0,0,0
TRUE,0,0,0,1,0,0,0,0,0,0,0,0,1,0,0,0,0,0,0,0,0,0,0,1
,0,0,0,0,0,0,1,0,0,0,0,0,0,1,0,0,0,0,0,0,0,0,0,0
,0,0,1,0,0,0,0,0,0,0,0,1,0,2,0,0,0,0,0,0,0,0,0,0
TRUE,0,0,0,0,0,0,0,0,0,1,0,1.8666,0,0,1,0,0,0,0,0,0,0,0,0
,0,0,2,1,0,0,0,0,0,0,0,0,0,1,0,0,0,0,0,0,0,0,0,0
,0,0,2,1,0,0,0,0,0,0,0,0,0,1,0,0,0,0,0,0,0,0,0,0
,0,0,2,1,0,0,0,0,0,0,0,0,0,1,0,0,0,0,0,0,0,0,0,0
,0,0,1,0,0,0,0,0,0,0,0,0,0,1,0,0,0,0,0,0,0,0,0,0
,0,0,0,0,0,0,0,0,0,0,0,1,0,1,0,0,0,0,0,0,0,0,0,0
,0,0,0,0,0,0,1,0,0,0,0,0,0,1,0,0,0,0,0,0,0,0,0,0
,0,0,0,0,0,0,0,0,0,0,0,1,0,0,0,0,0,0,0,0,0,0,0,0
TRUE,0,0,0,0,0,0,0,1,0,0,0,0,0,0,0,0,1,0,0,0,0,0,0,0
,0,0,1,0,0,0,0,0,0,0,0,0,0,1,0,0,0,0,0,0,0,0,0,0
,0,0,0,2,0,0,0,0,0,0,0,0,0,0,0,0,0,0,0,0,0,0,0,0
,0,0,0,1,0,0,0,0,0,0,0,0,0,0,0,0,0,0,0,0,0,0,0,0
,0,0,0,1,0,0,0,0,0,0,0,0,0,2,0,0,0,0,0,0,0,0,0,0
TRUE,0,0,1.948,0,0,0,0,0,0,0,0,0,0,0,0,0,0,0,0,0,0,0,0,0
,0,0,2,0,0,0,0,0,0,0,0,1,0,0,0,0,0,0,0,0,0,0,0,0
TRUE,0,0,1.975,1.975,0,0,0,0,0,0,0,0,0,0,0,0,0,0,0,0,0,0,0,0
,0,0,0,1,0,0,0,0,0,0,0,0,0,0,0,0,0,0,0,0,0,0,0,0
,0,0,0,0,0,0,0,0,0,0,0,0,0,2,0,0,0,0,0,0,0,0,0,0
,0,0,0,0,0,0,0,0,0,0,0,0,2,0,0,0,0,0,0,0,0,1,0,0
,0,0,0,0,0,0,0,0,0,0,0,0,1,0,0,0,0,0,0,0,0,0,0,0
,0,0,0,1,0,0,0,0,0,0,0,0,0,0,0,0,0,0,0,0,0,0,0,0
,0,0,1,1,0,0,0,0,0,0,0,0,0,0,0,0,0,0,0,0,0,0,0,0
,0,0,0,0,0,0,1,0,0,0,0,0,0,0,0,0,0,0,0,0,0,0,0,0
TRUE,0,0,0,0,2,0,0,0,0,0,0,0,0,0,0,0,0,0,0,0,0,0,0,0
,0,0,2,1,0,0,0,0,0,0,0,0,0,0,0,0,0,0,0,0,0,0,0,0
,0,0,0,2,0,0,0,0,0,0,0,0,0,1,0,0,0,0,0,0,0,0,0,0
,0,0,0,0,0,0,0,0,0,0,0,0,0,1,0,0,0,0,0,0,0,0,0,0
,0,0,1,0,0,0,0,0,0,0,0,0,0,0,0,0,0,0,0,0,0,0,0,0
TRUE,0,0,0,0,0,0,0,0,0,0,0,0.99796,0,2.998,0,0,0,0,0,0,0,0,0,0
,0,0,1,2,0,0,0,0,0,0,0,0,0,0,0,0,0,0,0,0,0,0,0,0
,0,0,1,0,0,0,0,0,0,0,0,0,0,0,0,0,0,0,0,0,0,0,0,0
TRUE,0,0,0,0,0,0,0,0,0,0,0,0,0,1.3335,0,0,0,0,0,0,0,0,0,0
TRUE,0,0,0,0,0,0,0,0,0,0,0,1,1,0,0,0,0,0,0,0,0,0,0,0
,0,0,0,0,0,0,0,0,0,0,0,0,0,3,0,0,0,0,0,0,0,0,1,0
TRUE,0,0,0,0,0,0,0,0,0,0,0,0,0,0,0,1,0,0,0,0,0,0,0,0
,0,0,0,0,0,0,0,0,0,0,0,0,1.843,0,0,0,0,0,0,0,0,0,0,0
,0,0,0,0,0,0,0,0,0,0,0,1,0,0,0,0,0,0,0,0,0,0,0,0
TRUE,0,0,0,0,0,0,0,0,0,0,0,0,0,0,0,0,2,0,0,0,0,0,0,0
,0,0,1,0,0,0,0,0,0,0,0,0,0,0,0,0,0,0,0,0,0,0,0,0
,0,0,0,0,0,0,0,0,0,0,0,0,0,3,0,0,0,0,0,0,0,0,0,0
TRUE,0,0,0,0,0,0,2.9941,0,0,0,0,0,0,0,0,0,0,0,0,0,0,0,0,0
TRUE,0,0,0,0,0,0,0,0,0,0,0,0,0,2,0,0,0,0,0,0,0,0,0,0
TRUE,0,0,0,1,0,0,0,0,0,0,0,0,0,0,0,0,0,0,0,0,0,0,0,0
TRUE,0,0,0,1,0,0,0,0,0,0,0,0,0,0,0,0,0,0,0,0,0,0,0,0
TRUE,0,0,0,0,0,0,0,0,0,0,0,0,0,3,0,0,0,0,0,0,0,0,0,0
TRUE,0,0,0,0,0,0,0,0,0,0,0,0,0,2.6665,0,0,0,0,0,0,0,0,0,0
TRUE,0,0,0,0,0,0,0,0,0,0,0,0,0,0,0,0,0,0,0,0,0,0,0,1
TRUE,0,0,0,0,0,0,0,0,0,0,0,2,0,0,0,0,0,0,0,0,0,0,0,0
TRUE,0,0,0,0,0,0,0,0,0,1,0,0,0,0,0,0,0,0,0,0,0,0,0,0
TRUE,0,0,0,0,0,0,0,0,0,0,0,0,0,0,0,0,0,0,0,0,0,0,0,1
,0,0,0,4,0,0,0,0,0,0,0,0,0,0,0,0,0,0,0,0,0,0,0,0
TRUE,0,0,0,0,0,0,0,0,0,0,0,0,0,0,0,0,0,0,0,0,0,0,1,0
,0,0,4,0,0,0,0,0,0,0,0,0,0,0,0,0,0,0,0,0,0,0,0,0
,0,0,0,0,0,0,0,0,0,0,0,0,4,0,0,0,0,0,0,0,0,0,0,0
,0,0,1,0,0,0,0,0,0,0,0,0,0,0,0,0,0,0,0,0,0,0,0,0
,0,1,0,0,0,0,0,0,0,0,0,0,0,0,0,0,1,0,0,0,1,0,0,0
,0,0,1,1,0,0,0,0,0,0,0,1,0,0,0,0,0,0,0,0,0,0,0,0
,0,0,1,1,0,0,0,0,0,0,0,1,0,0,0,0,0,0,0,0,0,0,0,0
,0,0,1,1,0,0,0,0,0,0,0,0,0,1,0,0,0,0,0,0,0,0,0,0
,0,0,1,0,0,0,0,0,0,0,0,0,0,0,0,0,0,0,0,0,0,0,0,0
,0,0,0,1,0,0,0,0,0,0,0,0,0,0,0,0,0,0,0,0,0,0,0,0
,0,0,1,0,0,0,0,0,0,0,0,0,1,0,0,0,0,0,0,0,0,0,0,0
,0,0,1,0,0,0,0,0,0,0,0,0,0,1,0,0,0,0,0,0,0,0,0,0
,0,0,0,0,0,0,0,0,0,0,0,1,0,0,0,0,0,0,0,0,0,0,0,0
,0,0,0,1,0,0,0,0,0,0,0,0,0,1,0,0,0,0,0,0,0,0,0,0
,0,0,1,0,0,0,0,0,0,0,0,0,0,0,0,0,0,0,0,0,0,0,0,0
,0,0,0,0,0,0,0,0,0,0,0,0,0,1,0,0,0,0,0,0,0,0,0,0
,0,0,0,0,0,0,0,0,0,0,0,0,0,0,0,0,0,0,1,0,0,0,0,0
,0,0,0,1,0,0,0,0,0,0,0,0,0,0,0,0,0,0,0,0,0,0,0,0
,0,0,0,1,0,0,0,0,0,0,0,0,0,0,0,0,0,0,0,0,0,0,0,0
,0,0,0,0,0,0,0,0,0,0,0,1,0,0,0,0,0,0,0,0,0,0,0,0
,0,0,1,0,0,0,0,0,0,0,0,0,0,0,0,0,0,0,0,0,0,0,0,0
TRUE,0,0,1,0,0,0,0,0,0,0,0,0,0,0,0,0,0,0,0,0,0,0,0,0
,0,0,0,1,0,0,0,0,0,0,0,0,0,1,0,0,0,0,0,0,0,0,0,0
,0,1,0,0,0,0,0,0,0,0,0,0,0,0,0,0,0,0,0,0,0,0,0,0
,0,0,0,0,0,0,0,0,0,0,0,0,0,1,0,0,0,0,0,0,0,0,0,0
,0,0,0,1,0,0,0,0,0,0,0,0,0,1,0,0,0,0,0,0,0,0,0,0
,0,0,1,0,0,0,0,0,0,0,0,0,0,0,0,0,0,0,0,0,0,0,0,0
,0,0,0,0,0,0,0,0,0,0,0,1,0,0,0,1,0,0,0,0,0,0,0,0
,0,0,1,0,0,0,0,0,0,0,0,1,0,0,0,0,0,0,0,0,0,0,0,0
,0,0,0,0,2,0,0,0,0,0,0,0,0,0,0,0,0,0,0,0,0,0,0,0
,0,0,1,0,0,0,0,0,0,0,0,0,0,0,0,0,0,0,0,0,0,0,0,0
,0,0,0,0,0,0,0,0,0,0,1,0,0,0,0,0,0,0,0,0,0,0,0,0
,0,0,0,0,0,0,0,0,0,0,0,1,0,0,0,0,0,0,0,0,0,0,0,0
,0,0,0,0,1,0,0,0,0,0,0,0,0,0,0,0,0,0,0,0,0,0,0,0
,0,0,0,1,0,0,0,0,0,0,0,0,0,0,0,0,0,0,0,0,0,0,0,0
,0,0,0,1,0,0,0,0,0,0,0,0,0,1,0,0,0,0,0,0,0,0,0,0
TRUE,0,0,0,0,0,0,0,0,0,0,0,0,0,0,0,0,0,0,0,0,0,1,1,0
,0,0,0,0,0,0,0,0,0,0,0,0,0,0,0,0,0,0,0,1,0,0,0,0
,0,0,0,0,0,0,0,0,0,0,0,0,0,0,0,0,0,1,0,0,0,0,0,0
,0,0,0,0,0,0,0,0,0,0,0,0,1,0,0,0,0,0,0,0,0,0,0,0
,0,0,0,0,0,0,0,0,0,0,0,0,2,0,0,0,0,0,0,0,0,0,0,0
TRUE,0,0,0,0,0,0,0,0,0,0,0,1,0,1,0,0,0,0,0,0,0,0,0,0
,0,0,1,0,0,0,0,0,0,0,0,0,0,0,0,0,0,0,0,0,0,0,0,0
TRUE,0,0,0,0,0,0,0,0,0,0,0,0,1,0,0,0,0,0,0,0,0,0,0,0
,0,0,0,0,0,0,0,0,0,1,0,0,0,0,0,0,0,0,0,0,0,0,0,0
,0,0,0,1,0,0,0,0,0,0,0,0,0,0,0,0,0,0,0,0,0,0,0,0
,0,0,1,0,0,0,0,0,0,0,0,1,0,0,0,0,0,0,0,0,0,0,0,0
,0,0,1,2,0,0,0,0,0,0,0,0,0,0,0,0,0,0,0,0,0,0,0,0
,0,0,1,2,0,0,0,0,0,0,0,0,0,0,0,0,0,0,0,0,0,0,0,0
,0,0,0,0,0,0,0,0,0,0,0,1,0,2,0,0,0,0,0,0,0,0,0,0
,0,0,0,0,0,0,2,0,0,0,0,0,0,0,0,0,1,0,0,0,0,0,0,0
,0,0,1,1,0,0,0,0,0,0,0,0,0,0,0,0,0,0,0,0,0,0,0,0
,0,0,1,2,0,0,0,0,0,0,0,0,0,0,0,0,0,0,0,0,0,0,0,0
,0,0,0,0,0,0,2,0,0,0,0,0,0,0,0,0,0,0,0,0,0,0,0,0
,0,0,1,0,0,0,0,0,0,0,0,0,0,0,0,0,0,0,0,0,0,1,0,0
,0,0,1,0,0,0,0,0,0,0,0,0,0,0,0,0,0,0,0,0,0,0,0,0
,0,0,0,1,0,0,0,0,0,0,0,0,0,0,0,0,0,0,0,0,0,0,0,0
,0,0,2,0,0,0,0,0,0,0,0,0,0,0,0,0,0,0,0,0,0,0,0,0
,0,0,0,0,0,0,0,0,0,0,0,1,0,0,0,0,0,0,0,0,0,0,0,0
,0,0,0,0,0,0,0,0,0,0,0,0,1,0,0,0,0,0,0,0,0,0,0,0
,0,0,0,0,0,0,0,0,0,0,0,0,2,0,0,0,0,0,0,0,0,0,0,0
,0,0,0,1,0,0,0,0,0,0,0,0,0,0,0,0,0,0,0,0,0,0,0,0
,0,0,0,2,0,0,0,0,0,0,0,0,0,0,0,0,0,0,0,0,0,0,0,0
TRUE,0,1,0,0,0,0,0,0,0,0,0,0,0,0,0,0,0,0,0,0,0,0,0,0
,0,0,2,0,0,0,0,0,0,0,0,0,0,0,0,0,0,0,0,0,0,0,0,0
TRUE,0,0,0,1.9015,0,0,0,0,0,0,0,0,0,0,0,0,0,0,0,0,0,0,0,0
,0,0,0,0,0,0,0,0,0,0,1,0,0,0,0,0,0,0,0,0,0,0,0,0
,0,0,0,2,0,0,0,0,0,0,0,0,0,0,0,0,0,0,0,0,0,0,0,0
,0,0,1,0,0,0,0,0,0,0,0,0,0,0,0,0,0,0,0,0,0,0,0,0
,0,0,0,0,0,0,0,0,0,0,0,0,0,1,0,0,0,0,0,0,0,0,0,0
TRUE,0,0,0,0,0,0,0,0,0,0,0,1,0,0,0,0,0,0,0,0,0,0,0,0
TRUE,0,0,0,1.3403,0,0,0,0,0,0,0,0,0,0,0,0,0,0,0,0,0,0,0,0
TRUE,0,0,1,0,0,0,0,0,0,0,0,0,0,0,0,0,0,0,0,0,0,0,0,0
TRUE,0,0,0,0,0,0,0,0,0,0,0,0,0,1,0,0,0,0,0,0,0,0,0,0
TRUE,0,0,1,0,0,0,0,0,0,0,0,0,0,0,0,0,0,0,0,0,0,0,0,0
TRUE,0,0,0,0,1,0,0,0,0,0,0,0,0,0,0,0,0,0,0,0,0,0,0,0
TRUE,1,0,0,0,0,0,0,0,0,0,0,0,0,0,0,0,0,0,0,0,0,0,0,0
TRUE,0,0,0,0,0,0,0,0,0,0,0,1,0,0,0,0,0,0,0,0,0,0,0,0
TRUE,0,0,0,1.6597,0,0,0,0,0,0,0,0,0,0,0,0,0,0,0,0,0,0,0,0
,0,0,0,0,0,0,0,0,0,0,0,0,3,0,0,0,0,0,0,0,0,0,0,0
TRUE,0,0,0,0,0,0,0,0,0,0,0,0,0,0,0,0,0,0,0,0,0,0.97934,0,0
,0,0,0,3,0,0,0,0,0,0,0,0,0,0,0,0,0,0,0,0,0,0,0,0
,0,0,0,0,0,0,0,0,0,0,0,2,0,0,0,0,0,0,0,0,0,0,0,0
TRUE,0,0,2.3492,0,0,0,0,0,0,0,0,0,0,0,0,0,0,0,0,0,0,0,0,0
,1,0,0,0,0,0,0,0,0,0,0,0,0,0,0,0,0,0,0,0,0,0,0,0
,0,0,1,0,0,0,0,0,0,0,0,0,0,0,0,0,0,0,0,0,0,0,0,0
,0,0,0,0,0,0,0,0,0,0,0,0,0,0,1,0,0,0,0,0,0,0,1,0
,0,0,1,0,0,0,0,0,0,0,0,0,0,0,0,0,0,0,0,0,0,0,0,0
,0,0,0,1,0,0,0,0,0,0,0,0,0,1,0,0,0,0,0,0,0,0,0,0
TRUE,0,0,1,1,0,0,0,0,0,0,0,0,0,0,0,0,0,0,0,0,0,0,0,0
TRUE,0,0,0,0,0,0,0,0,0,0,0,0,0,0,0,0,1,0,0,0,0,0,0,0
,0,0,0,0,0,0,0,0,0,0,0,0,0,1,0,0,0,0,0,0,0,0,0,0
,0,0,0,0,0,0,0,0,0,0,0,0,0,1,0,0,0,0,0,0,0,0,0,0
,0,0,0,0,0,0,0,0,0,0,0,0,0,1,0,0,0,0,0,0,0,0,0,0
,0,0,0,1,0,0,0,0,0,0,0,0,0,1,0,0,0,0,0,0,0,0,0,0
,0,0,0,0,0,0,0,0,0,0,0,0,0,0,0,0,0,0,0,0,0,0,1,0
,1,0,0,0,0,1,0,0,0,0,0,0,0,0,0,0,0,0,0,0,0,0,0,0
,0,0,1,0,0,0,0,0,0,1,0,0,0,0,0,0,0,0,0,0,0,0,0,0
,0,0,1,0,0,0,0,0,0,0,0,0,1,0,0,0,0,0,0,0,0,0,0,0
,0,0,0,1,0,0,0,0,0,0,0,0,1,0,0,0,0,0,0,0,0,0,0,0
,0,1,0,0,0,0,0,0,0,0,0,0,0,0,0,0,0,0,0,0,1,0,0,0
,0,0,0,0,2,0,0,0,0,0,0,0,0,0,0,0,0,0,0,0,0,0,0,0
,0,0,1,0,0,0,0,0,0,0,0,0,0,0,0,0,0,0,0,0,0,0,0,0
,0,0,0,0,0,0,0,0,0,0,0,0,1,0,0,0,0,0,0,0,0,0,1,0
,0,0,0,1,0,0,0,0,0,0,0,1,0,0,0,0,0,0,0,0,0,0,0,0
,0,0,1,1,0,0,0,0,0,0,0,0,0,0,0,0,0,0,0,0,0,0,0,0
,0,0,0,0,0,0,0,0,0,0,0,0,1,0,0,0,0,0,0,0,0,1,0,0
,0,0,0,0,0,0,0,0,0,0,0,0,1,1,0,0,0,0,0,0,0,0,0,0
,0,0,1,0,0,0,0,0,0,0,0,0,0,1,0,0,0,0,0,0,0,0,0,0
,0,0,0,0,0,0,0,1,0,0,0,0,0,0,0,0,0,0,0,0,0,0,0,0
,0,0,0,0,0,0,0,0,0,0,0,1,0,0,0,0,0,0,0,0,0,0,0,0
,0,0,0,0,0,0,0,0,0,0,0,0,0,1,0,0,0,0,0,0,0,1,0,0
,0,0,0,1,0,0,0,0,0,0,0,0,0,0,0,0,0,0,0,0,0,0,0,0
,0,0,0,0,0,0,0,0,0,0,0,0,0,1,0,0,0,0,0,0,0,0,0,0
,0,1,0,0,0,0,0,0,0,0,0,0,0,0,0,0,0,0,0,0,0,0,0,0
,0,0,1,0,0,0,0,0,0,0,0,0,0,0,0,0,0,0,0,0,0,0,0,0
,0,0,0,0,0,0,0,0,0,0,0,1,0,0,0,0,0,0,0,0,0,0,0,0
,0,0,0,0,0,0,0,0,0,0,0,1,0,0,0,0,0,0,0,0,0,0,0,0
,0,0,0,0,0,0,0,0,0,0,0,1,0,0,0,0,0,0,0,0,0,0,0,0
,0,0,0,0,0,0,0,0,0,0,0,0,1,0,0,0,0,0,0,0,0,0,0,0
,0,0,0,0,0,0,0,0,0,0,0,0,0,1,0,0,0,0,0,0,0,0,0,0
,0,0,0,1,0,0,0,0,0,0,0,0,0,0,0,0,0,0,0,0,0,0,0,0
,0,0,0,0,0,0,0,0,0,0,0,1,0,0,0,0,0,0,0,0,0,0,0,0
,0,0,0,0,0,0,0,0,0,0,0,0,0,1,0,0,0,0,0,0,0,0,0,0
,0,0,1,0,0,0,0,0,0,0,0,0,0,0,0,0,0,0,0,0,0,0,0,0
,0,0,0,0,0,0,0,0,0,0,0,0,0,1,0,0,0,0,0,0,0,0,0,0
,0,0,0,0,0,0,0,0,0,0,0,0,0,1,0,0,0,0,0,0,0,0,0,0
TRUE,0,0,1,0,0,0,0,0,0,0,0,0,0,0,0,0,0,0,0,0,0,0,0,0
,0,0,0,1,0,0,0,0,0,0,0,0,0,0,0,0,0,0,0,0,0,0,0,0
,0,0,0,0,0,0,0,0,0,0,1,0,0,0,0,0,0,0,0,0,0,0,0,0
TRUE,0,0,0,1,0,0,0,0,0,0,0,0,0,0,0,0,0,0,0,0,0,0,0,0
TRUE,0,0,1,0,0,0,0,0,0,0,0,0,0,0,0,0,0,0,0,0,0,0,0,0
,0,0,0,1,0,0,0,0,0,0,0,0,0,0,0,0,0,0,0,0,0,0,0,0
,0,0,0,0,0,0,0,0,0,0,0,0,0,0,0,0,0,1,0,0,0,0,0,0
,0,0,0,0,0,0,0,0,0,0,0,0,1,0,0,0,0,0,0,0,0,0,0,0
,0,0,0,0,0,0,0,0,0,0,0,0,0,1,0,0,0,0,0,0,0,0,0,0
,0,0,0,0,0,0,0,0,0,0,0,0,0,0,1,0,0,0,0,0,0,0,0,0
,0,0,0,0,0,0,0,0,0,0,0,0,0,1,0,0,0,0,0,0,0,0,0,0
,0,0,0,1,0,0,0,0,0,0,0,0,0,0,0,0,0,0,0,0,0,0,0,0
,0,0,0,1,0,0,0,0,0,0,0,0,0,0,0,0,0,0,0,0,0,0,0,0
,0,0,1,0,0,0,0,0,0,0,0,0,0,0,0,0,0,0,0,0,0,0,0,0
,0,0,0,1,0,0,0,0,0,0,0,0,0,0,0,0,0,0,0,0,0,0,0,0
,0,0,0,0,0,0,0,0,0,0,0,0,0,1,0,0,0,0,0,0,0,0,0,0
TRUE,0,0,0,1.9161,0,0,0,0,0,0,0,0,0,0,0,0,0,0,0,0,0,0,0,0
,0,0,0,2,0,0,0,0,0,0,0,0,0,0,0,0,0,0,0,0,0,0,0,0
,0,0,0,0,0,0,0,0,0,0,0,0,0,0,0,0,1,0,0,0,0,0,0,0
TRUE,0,0,0,0,0,0,0,0,0,0,0,0,0,0,2,0,0,0,0,0,0,0,0,0
TRUE,0,0,0,0,0,0,0,0,0,0,0,0,1,0,0,0,0,0,0,0,0,0,0,0
,0,2,0,0,0,0,0,0,0,0,0,0,0,0,0,0,0,0,0,0,0,0,0,0
TRUE,0,0,0,0,0,0,0,0,0,0,0,0,0,0,1,0,0,0,0,0,0,0,0,0
TRUE,0,0,0,1.8619,0,0,0,0,0,0,0,0,0,0,0,0,0,0,0,0,0,0,0,0
,0,0,0,0,0,0,0,0,0,0,0,0,0,0,0,1,0,0,0,0,0,0,0,0
,0,0,0,1,0,0,0,0,0,0,0,0,0,0,0,0,0,0,0,0,0,0,0,0
TRUE,0,0,0,0,1,0,0,0,0,0,0,0,0,0,0,0,0,0,0,0,0,0,0,0
TRUE,0,0,0,0,0,0,0,0,0,0,0,0,0,0,0,0,0,0,0,0,0,0,1,0
TRUE,0,0,0,0,0,0,0,0,0,0,0,0,1,0,0,0,0,0,0,0,0,0,0,0
,0,0,0,2,0,0,0,0,0,0,0,0,0,0,0,0,0,0,0,0,0,0,0,0
TRUE,0,0,0,0,0,0,0,0,0,0,0,0,0,0,0,0,0,1,0,0,0,0,0,0
TRUE,0,0,0,0,0,0,0,0,0,0,0,0,1,0,0,0,0,0,0,0,0,0,0,0
TRUE,1,0,0,0,0,0,0,0,0,0,0,0,0,0,0,0,0,0,0,0,0,0,0,0
,0,0,0,2,0,0,0,0,0,0,0,0,0,0,0,0,0,0,0,0,0,0,0,0
TRUE,0,0,0,0,0,0,0,0,0,0,0,0,0,1.8924,0,0,0,0,0,0,0,0,0,0
TRUE,1,0,0,0,0,0,0,0,0,0,0,0,0,0,0,0,0,0,0,0,0,0,0,0
TRUE,0,0,0,0,0,0,0,0,0,0,0,0,1,0,0,0,0,0,0,0,0,0,0,0
TRUE,0,0,0,0,0,1,0,0,0,0,0,0,0,0,0,0,0,0,0,0,0,0,0,0
,0,0,0,2,0,0,0,0,0,0,0,0,0,0,0,0,0,0,0,0,0,0,0,0
,0,0,0,2,0,0,0,0,0,0,0,0,0,0,0,0,0,0,0,0,0,0,0,0
,0,0,0,2,0,0,0,0,0,0,0,0,0,0,0,0,0,0,0,0,0,0,0,0
,0,0,0,2,0,0,0,0,0,0,0,0,0,0,0,0,0,0,0,0,0,0,0,0
,0,0,0,0,0,0,2,0,0,0,0,0,0,0,0,0,0,0,0,0,0,0,0,0
,0,0,0,1,0,0,0,0,0,0,0,0,0,0,0,0,0,0,0,0,0,0,0,0
TRUE,0,0,0,1.667,0,0,0,0,0,0,0,0,0,0,0,0,0,0,0,0,0,0,0,0
,0,0,1,0,0,0,0,0,0,0,0,0,0,0,0,0,0,0,0,0,0,0,0,0
,0,0,0,1,0,0,0,0,0,0,0,0,0,0,0,0,0,0,0,0,0,0,0,0
TRUE,0,0,0,0,0,0,0,0,0,0,0,0,0,0,0,2,0,0,0,0,0,0,0,0
,0,0,0,1,0,0,0,0,0,0,0,0,0,0,0,0,0,0,0,0,0,0,0,0
,0,0,0,0,0,0,0,0,0,2,0,0,0,0,0,0,0,0,0,0,0,0,0,0
,0,0,0,0,0,0,0,0,0,0,0,0,2,0,0,0,0,0,0,0,0,0,0,0
,0,0,0,0,0,0,0,0,0,0,0,0,2,0,0,0,0,0,0,0,0,0,0,0
,0,0,0,0,0,0,0,0,0,0,0,0,2,0,0,0,0,0,0,0,0,0,0,0
TRUE,0,0,0,0,0,0,0,0,0,0,0,0,0,1,0,0,0,0,0,0,0,0,0,0
,0,0,0,2,0,0,0,0,0,0,0,0,0,0,0,0,0,0,0,0,0,0,0,0
TRUE,0,0,0,0,0,0,0,0,1,0,0,0,0,0,0,0,0,0,0,0,0,0,0,0
,0,0,0,0,0,0,0,0,0,0,0,0,0,1,0,0,0,0,0,0,0,0,0,0
,0,0,0,0,0,0,0,0,0,0,0,0,0,0,0,0,0,0,0,1,0,0,0,0
,0,0,0,0,0,0,0,0,0,0,0,0,1,0,0,0,0,0,0,0,0,0,0,0
,1,0,0,0,0,0,0,0,0,0,0,0,0,0,0,0,0,0,0,0,0,0,0,0
,0,0,1,0,0,0,0,0,0,0,0,0,0,0,0,0,0,0,0,0,0,0,0,0
,0,0,0,1,0,0,0,0,0,0,0,0,0,0,0,0,0,0,0,0,0,0,0,0
,0,0,0,0,0,0,0,0,0,0,0,0,0,0,0,0,1,0,0,0,0,0,0,0
,0,0,0,0,1,0,0,0,0,0,0,0,0,0,0,0,0,0,0,0,0,0,0,0
,0,0,0,0,0,0,0,0,0,0,0,1,0,0,0,0,0,0,0,0,0,0,0,0
,0,0,0,1,0,0,0,0,0,0,0,0,0,0,0,0,0,0,0,0,0,0,0,0
,0,0,0,1,0,0,0,0,0,0,0,0,0,0,0,0,0,0,0,0,0,0,0,0
,0,0,0,1,0,0,0,0,0,0,0,0,0,0,0,0,0,0,0,0,0,0,0,0
,0,0,1,0,0,0,0,0,0,0,0,0,0,0,0,0,0,0,0,0,0,0,0,0
,0,0,0,1,0,0,0,0,0,0,0,0,0,0,0,0,0,0,0,0,0,0,0,0
,0,0,0,0,0,0,0,0,0,0,0,0,1,0,0,0,0,0,0,0,0,0,0,0
TRUE,0,0,0,1,0,0,0,0,0,0,0,0,0,0,0,0,0,0,0,0,0,0,0,0
,0,0,0,1,0,0,0,0,0,0,0,0,0,0,0,0,0,0,0,0,0,0,0,0
,0,0,0,0,1,0,0,0,0,0,0,0,0,0,0,0,0,0,0,0,0,0,0,0
,0,0,1,0,0,0,0,0,0,0,0,0,0,0,0,0,0,0,0,0,0,0,0,0
,0,0,0,0,0,0,0,0,0,0,0,0,0,1,0,0,0,0,0,0,0,0,0,0
TRUE,0,0,0,0,1,0,0,0,0,0,0,0,0,0,0,0,0,0,0,0,0,0,0,0
,0,0,0,1,0,0,0,0,0,0,0,0,0,0,0,0,0,0,0,0,0,0,0,0
,0,0,0,0,0,0,0,0,0,0,0,0,0,0,0,0,0,0,0,0,0,1,0,0
,0,0,0,0,0,0,0,0,0,0,0,0,0,0,1,0,0,0,0,0,0,0,0,0
TRUE,0,0,0,0,0,0,0,0,0,0,0,0,0.99853,0,0,0,0,0,0,0,0,0,0,0
,0,0,0,0,0,0,0,0,0,0,0,0,1,0,0,0,0,0,0,0,0,0,0,0
TRUE,0,0,0,1,0,0,0,0,0,0,0,0,0,0,0,0,0,0,0,0,0,0,0,0
,0,0,0,1,0,0,0,0,0,0,0,0,0,0,0,0,0,0,0,0,0,0,0,0
,0,0,0,0,0,0,0,0,0,0,0,1,0,0,0,0,0,0,0,0,0,0,0,0
,0,0,0,0,0,0,0,0,0,0,0,0,0,1,0,0,0,0,0,0,0,0,0,0
TRUE,0,0,0,0,0,0,0,0,0,0,0,0,0,1,0,0,0,0,0,0,0,0,0,0
,0,0,0,1,0,0,0,0,0,0,0,0,0,0,0,0,0,0,0,0,0,0,0,0
,0,0,0,0,0,0,0,0,0,0,0,0,1,0,0,0,0,0,0,0,0,0,0,0
,0,0,0,0,0,0,0,0,0,0,0,0,0,1,0,0,0,0,0,0,0,0,0,0
,0,0,0,1,0,0,0,0,0,0,0,0,0,0,0,0,0,0,0,0,0,0,0,0
,0,0,0,0,0,0,0,0,0,0,0,1,0,0,0,0,0,0,0,0,0,0,0,0
,0,0,0,0,0,0,0,0,0,1,0,0,0,0,0,0,0,0,0,0,0,0,0,0
,0,0,1,0,0,0,0,0,0,0,0,0,0,0,0,0,0,0,0,0,0,0,0,0
,0,0,0,0,1,0,0,0,0,0,0,0,0,0,0,0,0,0,0,0,0,0,0,0
TRUE,0,0,1,0,0,0,0,0,0,0,0,0,0,0,0,0,0,0,0,0,0,0,0,0
,0,0,0,0,0,0,0,0,0,1,0,0,0,0,0,0,0,0,0,0,0,0,0,0
,0,0,1,0,0,0,0,0,0,0,0,0,0,0,0,0,0,0,0,0,0,0,0,0
,0,0,0,1,0,0,0,0,0,0,0,0,0,0,0,0,0,0,0,0,0,0,0,0
,0,0,0,0,0,0,0,0,0,0,0,0,0,1,0,0,0,0,0,0,0,0,0,0
,0,0,0,0,0,0,0,0,0,0,0,0,0,0,0,0,0,0,0,0,0,0,1,0
,0,0,0,0,0,0,0,0,0,0,0,0,1,0,0,0,0,0,0,0,0,0,0,0
,0,0,0,0,0,0,0,0,0,0,0,0,0,0,0,1,0,0,0,0,0,0,0,0
,0,0,1,0,0,0,0,0,0,0,0,0,0,0,0,0,0,0,0,0,0,0,0,0
,0,0,0,0,0,0,0,0,0,0,0,0,0,0,0,1,0,0,0,0,0,0,0,0
,0,0,0,1,0,0,0,0,0,0,0,0,0,0,0,0,0,0,0,0,0,0,0,0
,0,0,1,0,0,0,0,0,0,0,0,0,0,0,0,0,0,0,0,0,0,0,0,0
TRUE,1,0,0,0,0,0,0,0,0,0,0,0,0,0,0,0,0,0,0,0,0,0,0,0
,0,1,0,0,0,0,0,0,0,0,0,0,0,0,0,0,0,0,0,0,0,0,0,0
,0,0,0,0,0,0,0,0,0,0,0,0,1,0,0,0,0,0,0,0,0,0,0,0
TRUE,0,0,0,0,0,0,0,0,0,0,0,1,0,0,0,0,0,0,0,0,0,0,0,0
,0,0,1,0,0,0,0,0,0,0,0,0,0,0,0,0,0,0,0,0,0,0,0,0
,0,0,0,1,0,0,0,0,0,0,0,0,0,0,0,0,0,0,0,0,0,0,0,0
,0,0,1,0,0,0,0,0,0,0,0,0,0,0,0,0,0,0,0,0,0,0,0,0
TRUE,0,0,1,0,0,0,0,0,0,0,0,0,0,0,0,0,0,0,0,0,0,0,0,0
,0,0,0,0,0,0,0,0,0,0,0,0,0,1,0,0,0,0,0,0,0,0,0,0
,0,0,0,0,0,1,0,0,0,0,0,0,0,0,0,0,0,0,0,0,0,0,0,0
,0,0,0,0,0,0,0,0,0,0,0,0,0,0,1,0,0,0,0,0,0,0,0,0
,0,0,0,0,0,0,0,0,0,0,0,0,0,0,1,0,0,0,0,0,0,0,0,0
,0,0,0,0,0,0,0,0,0,0,0,0,0,0,0,0,0,0,1,0,0,0,0,0
,0,0,0,0,0,0,0,0,0,1,0,0,0,0,0,0,0,0,0,0,0,0,0,0
,0,0,0,0,0,0,0,0,0,1,0,0,0,0,0,0,0,0,0,0,0,0,0,0
,0,0,0,0,0,0,0,0,0,1,0,0,0,0,0,0,0,0,0,0,0,0,0,0
,0,0,0,0,0,0,0,0,0,0,0,0,0,0,0,0,0,0,0,0,0,0,0,1
,0,0,0,0,0,0,0,0,0,0,0,0,0,0,0,0,0,0,0,0,0,0,0,1
,0,0,0,0,0,0,0,0,0,0,0,0,0,0,0,1,0,0,0,0,0,0,0,0
,0,0,0,0,0,0,0,0,0,0,0,0,1,0,0,0,0,0,0,0,0,0,0,0
,0,0,0,0,0,0,0,0,0,0,0,0,1,0,0,0,0,0,0,0,0,0,0,0
,0,0,0,0,0,0,0,0,0,0,0,0,1,0,0,0,0,0,0,0,0,0,0,0
,0,0,0,0,0,0,0,0,0,0,0,0,1,0,0,0,0,0,0,0,0,0,0,0
,0,0,0,0,0,0,0,0,0,0,0,0,1,0,0,0,0,0,0,0,0,0,0,0
,0,0,0,0,0,0,0,0,0,0,0,0,1,0,0,0,0,0,0,0,0,0,0,0
,0,0,0,0,0,0,0,0,0,0,0,0,1,0,0,0,0,0,0,0,0,0,0,0
,0,0,0,0,1,0,0,0,0,0,0,0,0,0,0,0,0,0,0,0,0,0,0,0
,0,0,0,0,1,0,0,0,0,0,0,0,0,0,0,0,0,0,0,0,0,0,0,0
,0,0,0,0,0,0,0,0,0,0,0,1,0,0,0,0,0,0,0,0,0,0,0,0
,0,0,0,0,0,0,0,0,0,0,0,1,0,0,0,0,0,0,0,0,0,0,0,0
,0,0,0,0,0,0,0,0,0,0,0,1,0,0,0,0,0,0,0,0,0,0,0,0
,0,0,0,0,0,0,0,0,0,0,0,1,0,0,0,0,0,0,0,0,0,0,0,0
,0,0,0,0,0,0,0,0,0,0,0,1,0,0,0,0,0,0,0,0,0,0,0,0
,0,0,0,0,0,0,0,0,0,0,0,1,0,0,0,0,0,0,0,0,0,0,0,0
,0,0,1,0,0,0,0,0,0,0,0,0,0,0,0,0,0,0,0,0,0,0,0,0
,0,0,1,0,0,0,0,0,0,0,0,0,0,0,0,0,0,0,0,0,0,0,0,0
,0,0,1,0,0,0,0,0,0,0,0,0,0,0,0,0,0,0,0,0,0,0,0,0
,0,0,1,0,0,0,0,0,0,0,0,0,0,0,0,0,0,0,0,0,0,0,0,0
,0,0,1,0,0,0,0,0,0,0,0,0,0,0,0,0,0,0,0,0,0,0,0,0
,0,0,1,0,0,0,0,0,0,0,0,0,0,0,0,0,0,0,0,0,0,0,0,0
,0,0,1,0,0,0,0,0,0,0,0,0,0,0,0,0,0,0,0,0,0,0,0,0
,0,0,1,0,0,0,0,0,0,0,0,0,0,0,0,0,0,0,0,0,0,0,0,0
,0,0,1,0,0,0,0,0,0,0,0,0,0,0,0,0,0,0,0,0,0,0,0,0
,0,0,1,0,0,0,0,0,0,0,0,0,0,0,0,0,0,0,0,0,0,0,0,0
,0,0,1,0,0,0,0,0,0,0,0,0,0,0,0,0,0,0,0,0,0,0,0,0
,0,0,1,0,0,0,0,0,0,0,0,0,0,0,0,0,0,0,0,0,0,0,0,0
,0,0,1,0,0,0,0,0,0,0,0,0,0,0,0,0,0,0,0,0,0,0,0,0
,0,0,1,0,0,0,0,0,0,0,0,0,0,0,0,0,0,0,0,0,0,0,0,0
,0,0,1,0,0,0,0,0,0,0,0,0,0,0,0,0,0,0,0,0,0,0,0,0
,0,0,1,0,0,0,0,0,0,0,0,0,0,0,0,0,0,0,0,0,0,0,0,0
,0,0,1,0,0,0,0,0,0,0,0,0,0,0,0,0,0,0,0,0,0,0,0,0
,0,0,1,0,0,0,0,0,0,0,0,0,0,0,0,0,0,0,0,0,0,0,0,0
,0,0,0,0,1,0,0,0,0,0,0,0,0,0,0,0,0,0,0,0,0,0,0,0
,0,0,0,0,0,0,0,0,0,0,1,0,0,0,0,0,0,0,0,0,0,0,0,0
,0,0,0,1,0,0,0,0,0,0,0,0,0,0,0,0,0,0,0,0,0,0,0,0
,0,0,0,1,0,0,0,0,0,0,0,0,0,0,0,0,0,0,0,0,0,0,0,0
,0,0,0,1,0,0,0,0,0,0,0,0,0,0,0,0,0,0,0,0,0,0,0,0
,0,0,0,1,0,0,0,0,0,0,0,0,0,0,0,0,0,0,0,0,0,0,0,0
,0,0,0,1,0,0,0,0,0,0,0,0,0,0,0,0,0,0,0,0,0,0,0,0
,0,0,0,1,0,0,0,0,0,0,0,0,0,0,0,0,0,0,0,0,0,0,0,0
,0,0,0,1,0,0,0,0,0,0,0,0,0,0,0,0,0,0,0,0,0,0,0,0
,0,0,0,1,0,0,0,0,0,0,0,0,0,0,0,0,0,0,0,0,0,0,0,0
,0,0,0,1,0,0,0,0,0,0,0,0,0,0,0,0,0,0,0,0,0,0,0,0
,0,0,0,1,0,0,0,0,0,0,0,0,0,0,0,0,0,0,0,0,0,0,0,0
,0,0,0,1,0,0,0,0,0,0,0,0,0,0,0,0,0,0,0,0,0,0,0,0
,0,0,0,1,0,0,0,0,0,0,0,0,0,0,0,0,0,0,0,0,0,0,0,0
,0,0,0,1,0,0,0,0,0,0,0,0,0,0,0,0,0,0,0,0,0,0,0,0
,0,0,1,0,0,0,0,0,0,0,0,0,0,0,0,0,0,0,0,0,0,0,0,0
,0,0,0,0,0,0,0,0,0,0,0,0,0,0,0,0,1,0,0,0,0,0,0,0
,0,0,0,0,0,0,0,0,0,0,0,0,0,0,0,0,1,0,0,0,0,0,0,0
,0,0,0,0,0,0,0,0,0,0,0,0,0,0,0,0,0,0,0,0,0,0,1,0
,0,0,0,0,0,0,0,0,0,0,0,0,0,0,0,0,0,0,0,0,0,0,1,0
,0,0,0,0,0,0,0,0,0,0,0,0,0,0,0,0,0,0,0,0,0,0,1,0
,1,0,0,0,0,0,0,0,0,0,0,0,0,0,0,0,0,0,0,0,0,0,0,0
,1,0,0,0,0,0,0,0,0,0,0,0,0,0,0,0,0,0,0,0,0,0,0,0
,0,0,0,0,0,0,0,0,0,0,0,0,0,1,0,0,0,0,0,0,0,0,0,0
,0,0,0,0,0,0,0,0,0,0,0,0,0,0,0,0,0,0,0,0,0,1,0,0
,0,0,0,0,0,0,0,0,0,0,0,0,0,1,0,0,0,0,0,0,0,0,0,0
,0,0,0,0,0,0,0,0,0,0,0,0,0,1,0,0,0,0,0,0,0,0,0,0
,0,0,0,0,0,0,0,0,0,0,0,0,0,1,0,0,0,0,0,0,0,0,0,0
,0,0,0,0,0,0,0,0,0,0,0,0,0,1,0,0,0,0,0,0,0,0,0,0
,0,0,0,0,0,0,0,0,0,0,0,0,0,1,0,0,0,0,0,0,0,0,0,0
,0,0,0,0,0,0,0,0,0,0,0,0,0,1,0,0,0,0,0,0,0,0,0,0
,0,0,0,0,0,0,0,0,0,0,0,0,0,0,0,1,0,0,0,0,0,0,0,0
,0,0,0,1,0,0,0,0,0,0,0,0,0,0,0,0,0,0,0,0,0,0,0,0
